"InSpecies","Aroma","Flavor","Aftertaste","Acidity","Sweetness","Ratings","y_hat","e_hat"
1,8.67,8.83,8.67,8.75,10,90.58,92.9021927496444,-2.3221927496444
1,8.75,8.67,8.5,8.58,10,89.92,91.8527331830909,-1.93273318309092
1,8.42,8.5,8.42,8.42,10,89.75,90.3847234701207,-0.63472347012068
1,8.17,8.58,8.42,8.42,10,89,90.2199544413434,-1.21995444134336
1,8.25,8.5,8.25,8.5,10,88.83,89.7834615671579,-0.953461567157871
1,8.58,8.42,8.42,8.5,10,88.83,90.5302818412526,-1.70028184125262
1,8.42,8.5,8.33,8.5,10,88.75,90.2660855784286,-1.51608557842856
1,8.25,8.33,8.5,8.42,9.33,88.67,89.8435404644008,-1.17354046440077
1,8.67,8.67,8.58,8.42,9.33,88.42,91.6956784036542,-3.27567840365421
1,8.08,8.58,8.5,8.5,10,88.25,90.4152817065503,-2.16528170655034
1,8.17,8.67,8.25,8.5,10,88.08,90.1449382480568,-2.06493824805685
1,8.25,8.42,8.17,8.33,10,87.92,89.0786742234357,-1.15867422343569
1,8.08,8.67,8.33,8.42,10,87.92,90.09483097023,-2.17483097023002
1,8.33,8.42,8.08,8.25,10,87.92,88.8407599479652,-0.920759947965236
1,8.25,8.33,8.5,8.25,9.33,87.83,89.5827662624274,-1.75276626242741
1,8,8.5,8.58,8.17,10,87.58,89.767977506244,-2.18797750624398
1,8.33,8.25,7.83,7.75,10,87.42,86.9157111519159,0.504288848084092
1,8.17,8.33,8.25,8.33,9.33,87.33,88.9088943657744,-1.57889436577441
1,8.42,8.25,8.08,8.17,10,87.25,88.3723357654563,-1.12233576545634
1,8.17,8.17,8,8.17,10,87.25,87.5340783760338,-0.284078376033834
1,8,8.25,8.08,8.5,10,87.25,88.2162141743717,-0.966214174371684
1,8.08,8.25,8,8.17,10,87.17,87.6216256657676,-0.451625665767563
1,8.17,8.25,8.17,8,10,87.17,87.9586724790184,-0.788672479018451
1,8.25,8.33,8.17,8.17,10,87.08,88.5750800591436,-1.49508005914365
1,8.42,8.17,7.92,8.17,10,87.08,87.7137847008549,-0.633784700854934
1,8.5,8.5,8,8,10,86.92,88.7402918589368,-1.82029185893677
1,7.83,8.25,8.08,8.17,10,86.92,87.4419193409465,-0.521919340946464
1,8.42,8.17,8.17,8.17,10,86.83,88.3842157097692,-1.55421570976924
1,8.17,8.08,8.08,8,10,86.67,87.2296824756548,-0.559682475654761
1,8,8,8,8.25,10,86.58,86.9010747189781,-0.321074718978071
1,7.92,8.25,8,8.33,10,86.58,87.6147438902902,-1.03474389029017
1,8.42,8.17,8.17,8,10,86.5,88.1234415077959,-1.62344150779587
1,8.5,8.17,8,7.75,10,86.42,87.4102151074995,-0.990215107499481
1,8.17,7.83,8,8.08,10,86.33,86.4207517652683,-0.0907517652682681
1,8,8.08,7.92,8,10,86.25,86.5325205415315,-0.282520541531506
1,8.08,8,8,8.25,10,86.25,87.0272328782336,-0.777232878233646
1,8.08,8.17,8,7.92,10,86.25,87.0086589733811,-0.758658973381069
1,8.25,8.42,8.08,7.75,10,86.25,87.9476188417292,-1.69761884172918
1,7.92,7.75,8.08,8.08,10,86.25,86.0115702215509,0.238429778449088
1,7.67,8.17,8,8,10,86.17,86.4848156787131,-0.314815678713114
1,7.83,8.33,7.83,8.25,10,86.17,87.1236808224453,-0.95368082244529
1,8.17,7.92,7.92,7.75,10,86.17,85.9581647186669,0.211835281333146
1,8.42,7.92,8,7.75,10,86.17,86.5669468891931,-0.396946889193109
1,8.08,8.17,7.75,8.08,10,86.08,86.5836625075005,-0.503662507500519
1,8.08,8.08,8,8,10,86.08,86.8732166236397,-0.793216623639662
1,8.33,8,8,8,10,86.08,87.0379856524171,-0.957985652417085
1,8.08,8.08,7.83,7.92,10,86,86.2946062660611,-0.294606266061055
1,7.75,7.92,7.83,8.08,10,86,85.560687964373,0.439312035626954
1,7.92,8.17,7.83,8.5,10,86,87.1901497873055,-1.19014978730555
1,8.25,8,7.83,8.08,10,86,86.5786516786167,-0.578651678616656
1,7.75,8.08,8,8.25,10,86,86.7363056902007,-0.736305690200647
1,8.33,8.17,7.75,8,10,86,86.8551894836573,-0.855189483657318
1,7.92,8.08,7.92,8.08,10,85.92,86.5290796537928,-0.609079653792804
1,8.17,8.17,7.92,8.08,10,85.92,87.1814835227248,-1.26148352272477
1,8,8,8,8.17,10,85.92,86.7783574474612,-0.858357447461191
1,8,8,7.92,8.08,10,85.83,86.4257625941521,-0.59576259415213
1,7.83,8.08,7.92,8.08,10,85.83,86.3871517246303,-0.557151724630284
1,7.83,8,8,8.17,10,85.83,86.5102713590431,-0.680271359043094
1,8,8,7.83,8.33,10,85.83,86.5678989044332,-0.73789890443322
1,7.83,8,7.83,8.17,10,85.75,86.0543782729814,-0.304378272981364
1,8,8,8,8.08,10,85.75,86.6403005170047,-0.890300517004706
1,8.33,8.42,7.83,8.33,10,85.75,88.2930462105678,-2.54304621056781
1,7.92,8.17,8,7.92,10,85.58,86.7563426548699,-1.17634265486992
1,7.83,8,8,7.75,10,85.58,85.8660056835795,-0.286005683579489
1,7.83,8,7.92,7.75,10,85.58,85.6514677607269,-0.0714677607269113
1,8,7.75,7.83,7.83,10,85.5,85.0838058984019,0.416194101598058
1,7.92,7.92,7.83,8.08,10,85.5,85.8287740527911,-0.328774052791147
1,7.83,8,7.83,7.92,10,85.5,85.6708867994911,-0.170886799491123
1,8.33,7.92,7.67,7.92,10,85.5,85.8008242302371,-0.300824230237067
1,8,7.83,7.67,8.33,10,85.5,85.6511882185735,-0.151188218573522
1,7.75,7.83,7.83,8.17,10,85.42,85.4405852735712,-0.0205852735712454
1,8.08,8,7.83,7.67,10,85.42,85.6816395736746,-0.261639573674558
1,7.92,7.92,7.75,7.92,10,85.42,85.3688015869048,0.0511984130951875
1,8,8,8,7.67,10,85.42,86.0113745004807,-0.591374500480709
1,8.08,7.83,7.83,8.08,10,85.42,85.822930750044,-0.402930750044013
1,8,8,8,7.83,10,85.33,86.2568090435145,-0.926809043514467
1,7.83,7.75,7.83,7.67,10,85.33,84.5702852669501,0.759714733049911
1,7.92,8.08,8,7.92,9.33,85.33,86.4981830336116,-1.16818303361163
1,8,7.58,7.58,7.67,10,85.33,83.6803055062993,1.64969449370066
1,7.83,8.08,7.75,8.08,10,85.33,85.9312586385686,-0.601258638568556
1,8,7.92,7.92,8.08,10,85.33,86.1962873752559,-0.866287375255875
1,7.83,7.83,7.92,8.08,10,85.33,85.6700416655795,-0.340041665579489
1,7.92,7.83,7.75,8.33,10,85.33,85.7395679821705,-0.409567982170525
1,8,7.92,7.75,8,10,85.25,85.6176770176773,-0.367677017677268
1,8.17,7.92,7.83,8,10,85.25,86.100301028948,-0.850301028947947
1,7.58,8.08,7.92,7.83,10,85.25,85.6094160034664,-0.359416003466365
1,7.75,7.83,7.67,8,10,85.17,84.7507352258927,0.419264774107275
1,8.25,8,7.67,7.92,10,85.17,85.9041412898777,-0.734141289877743
1,7.75,8,7.58,8,10,85.08,84.9970149028381,0.0829850971618806
1,8.17,7.83,7.58,8.08,10,85.08,85.2944276702922,-0.214427670292233
1,8.42,8,7.42,8,10,85.08,85.6245136408984,-0.544513640898417
1,7.58,7.83,7.83,7.92,10,85.08,84.7890077116629,0.290992288337092
1,7.83,8,7.75,7.75,10,85.08,85.1955746746652,-0.115574674665183
1,8.08,8.17,7.92,8,10,85.08,86.9168383220454,-1.83683832204537
1,7.67,8,7.83,8,10,85.08,85.5412877524968,-0.461287752496849
1,7.5,7.92,8.25,7.83,10,85.08,85.9092763381852,-0.829276338185164
1,8.17,7.92,7.75,7.75,10,85,85.5022716326051,-0.502271632605128
1,8,7.92,7.75,7.92,10,85,85.4949597461604,-0.494959746160391
1,7.83,8,7.58,7.92,10,85,85.0004557905768,-0.000455790576817112
1,7.83,8,7.83,7.75,10,85,85.4101125975178,-0.41011259751776
1,8.17,7.83,7.92,7.75,10,85,85.7000050974086,-0.70000509740857
1,7.75,7.83,7.75,8.08,10,85,85.0879904202622,-0.0879904202621824
1,8,8,7.83,7.83,10,85,85.8009159574527,-0.800915957452737
1,7.92,8.17,7.75,8.08,10,85,86.3313461889894,-1.33134618898936
1,7.75,7.92,7.75,7.75,10,85,84.8399412965133,0.16005870348665
1,7.83,8.08,7.67,8,10,85,85.5940034441991,-0.594003444199099
1,7.92,7.92,7.67,7.83,10,84.92,85.0162067335958,-0.0962067335957477
1,7.92,7.83,7.75,7.83,10,84.92,84.97258503519,-0.0525850351900401
1,7.67,7.83,8,7.58,10,84.92,84.8652803229404,0.0547196770595718
1,8,7.83,7.83,7.92,10,84.92,85.4513380477547,-0.531338047754681
1,7.75,7.92,7.83,7.75,10,84.92,85.0544792193659,-0.134479219365927
1,7.75,8,7.75,7.83,10,84.92,85.1921337869265,-0.27213378692648
1,8,7.92,7.75,7.75,10,84.92,85.234185544187,-0.314185544187026
1,8,8,7.75,8,10,84.92,85.8471522365735,-0.927152236573521
1,8,7.67,7.83,8.17,10,84.92,85.3758790834524,-0.455879083452413
1,7.92,7.58,7.83,7.83,10,84.83,84.4700128989918,0.359987101008173
1,7.75,7.92,7.67,7.67,10,84.83,84.5026861021439,0.327313897856104
1,7.67,7.75,7.75,7.75,10,84.83,84.2261482971032,0.603851702896765
1,7.75,7.92,7.83,7.92,10,84.83,85.3152534213393,-0.485253421339294
1,7.42,7.92,7.92,8,10,84.83,85.1589234491361,-0.328923449136067
1,7.75,7.75,7.75,7.75,10,84.75,84.3523064563588,0.39769354364119
1,7.92,7.83,7.58,7.92,10,84.75,84.6547488795848,0.0952511204151998
1,7.83,7.75,8,7.67,10,84.75,85.0261783530118,-0.276178353011815
1,7.75,8,8,8.33,9.33,84.75,86.6295477428213,-1.87954774282127
1,7.83,7.58,7.58,7.83,10,84.75,83.657653960915,1.092346039085
1,7.83,7.83,7.5,8,10,84.67,84.4210002990866,0.248999700913426
1,7.92,7.83,7.75,7.75,10,84.67,84.8498677636732,-0.179867763673163
1,7.75,7.75,7.75,7.42,10,84.67,83.8460977113517,0.82390228864831
1,8.08,7.75,7.67,7.83,10,84.67,84.7808882119524,-0.110888211952361
1,7.75,7.83,7.58,8,10,84.67,84.5093800626836,0.160619937316425
1,8.17,8,7.83,7.17,10,84.67,85.0565845558566,-0.3865845558566
1,8.08,7.83,7.75,7.83,10,84.67,85.2249013537012,-0.554901353701193
1,7.67,7.58,7.75,7.75,10,84.67,83.7385134569487,0.931486543051309
1,8,7.58,7.83,7.75,10,84.67,84.4734537867305,0.196546213269478
1,8.08,7.83,7.75,7.83,9.33,84.67,85.2249013537012,-0.554901353701193
1,8,7.92,7.75,7.75,10,84.67,85.234185544187,-0.564185544187026
1,7.75,7.83,7.75,7.83,10,84.67,84.7044989467719,-0.0344989467719398
1,7.75,7.92,7.83,8,10,84.67,85.4379706928562,-0.767970692856167
1,8,7.83,7.67,7.83,10,84.67,84.884205271593,-0.214205271593039
1,7.67,7.83,7.67,8,10,84.67,84.6245770666371,0.0454229333628517
1,7.83,7.58,7.67,7.92,10,84.67,84.0370660545806,0.63293394541937
1,7.92,7.83,7.75,7.92,10,84.67,85.1106419656465,-0.440641965646527
1,7.67,7.83,7.75,7.75,10,84.67,84.4556235159995,0.214376484000514
1,7.42,7.75,7.75,8,10,84.67,84.2153955229198,0.454604477080205
1,7.92,7.75,7.83,7.75,10,84.58,84.8349304676295,-0.25493046762949
1,7.83,7.67,7.58,7.92,10,84.58,84.0538705126298,0.526129487370231
1,7.92,7.83,7.58,8,10,84.58,84.7774661511017,-0.197466151101679
1,7.83,7.83,7.83,7.75,10,84.58,84.9224777573632,-0.342477757363221
1,7.75,7.83,7.67,7.92,10,84.58,84.6280179543758,-0.0480179543758515
1,8,7.92,7.67,7.58,10,84.58,84.7588734193611,-0.178873419361087
1,7.67,7.67,7.58,7.75,10,84.58,83.5407799921452,1.03922000785475
1,7.75,7.75,7.83,7.75,10,84.58,84.5668443792114,0.0131556207886106
1,7.75,7.75,7.75,8.08,10,84.58,84.8585152013659,-0.278515201365929
1,7.67,7.83,7.83,8,10,84.58,85.0536529123423,-0.473652912342308
1,7.75,7.83,7.75,8,10,84.58,84.9652731487453,-0.385273148745307
1,7.42,7.67,7.75,7.75,10,84.58,83.6024288305333,0.977571169466697
1,8,8,7.75,7.75,10,84.58,85.4636607630833,-0.883660763083283
1,8.5,8,7.5,7.75,10,84.58,85.5817182495163,-1.00171824951633
1,7.92,7.67,7.92,7.75,10,84.5,84.8468104119424,-0.346810411942383
1,7.92,7.75,7.67,7.75,10,84.5,84.4058546219243,0.0941453780756681
1,7.75,7.92,7.67,7.83,10,84.5,84.7481206451777,-0.248120645177649
1,7.92,7.83,7.83,7.83,10,84.5,85.1871229580426,-0.68712295804262
1,8.08,7.67,7.83,7.83,10,84.5,84.9804888387613,-0.480488838761264
1,7.67,8,7.75,7.83,10,84.5,85.0659756276709,-0.565975627670905
1,8.17,7.83,7.67,7.83,10,84.5,85.1522913600111,-0.652291360011141
1,7.92,7.83,7.67,8,10,84.5,85.0188213143108,-0.518821314310827
1,8,7.92,7.42,8.08,10,84.5,84.8554253574273,-0.355425357427261
1,7.92,7.83,7.75,7.75,10,84.5,84.8498677636732,-0.349867763673165
1,7.67,8,7.67,8,10,84.5,85.1122119067917,-0.612211906791691
1,7.81,7.81,7.88,7.75,10,84.5,84.9676556146081,-0.46765561460812
1,8.17,7.67,7.75,7.75,10,84.5,84.7851615735543,-0.285161573554333
1,7.58,7.83,7.83,8,10,84.42,84.9117249831798,-0.491724983179781
1,7.67,7.67,7.83,7.58,10,84.42,83.9504367990862,0.469563200913809
1,7.92,7.83,7.75,7.67,10,84.42,84.7271504921563,-0.307150492156286
1,7.92,7.75,7.67,7.92,10,84.42,84.6666288238977,-0.246628823897694
1,7.83,7.83,7.75,8,10,84.42,85.0914313080009,-0.67143130800088
1,7.92,7.92,7.5,7.83,10,84.42,84.560313647534,-0.14031364753402
1,7.75,7.92,7.75,7.67,10,84.42,84.7172240249965,-0.297224024996471
1,7.5,7.75,7.83,7.92,10,84.42,84.4333743335111,-0.0133743335110727
1,7.33,7.58,7.83,7.75,10,84.33,83.4168792029651,0.913120797034928
1,7.92,8,7.75,7.67,10,84.33,85.2147853323108,-0.88478533231083
1,7.58,7.75,7.5,7.83,10,84.33,83.5365066305433,0.793493369456718
1,7.58,7.92,7.58,7.75,10,84.33,84.1159621220335,0.214037877966476
1,7.67,7.67,7.75,7.83,10,84.33,84.1193903497239,0.210609650276143
1,7.75,7.67,8,7.67,10,84.33,84.67054497486,-0.340544974859986
1,7.75,7.58,7.33,7.83,10,84.33,82.8610647927451,1.46893520725489
1,8,7.75,7.75,7.83,10,84.33,84.8692679755494,-0.539267975549366
1,8.17,8,7.5,7.75,10,84.33,85.0613158425871,-0.731315842587078
1,8,8,7.5,7.5,10,84.33,84.4097382806787,-0.0797382806787362
1,7.75,7.75,7.92,7.75,10,84.33,84.8081995424205,-0.478199542420539
1,7.5,7.67,7.75,7.67,10,84.33,83.605869718272,0.724130281727998
1,7.92,7.75,7.75,7.67,10,84.25,84.49767527326,-0.247675273260033
1,7.83,7.75,7.75,7.42,10,84.25,83.9722558706073,0.277744129392732
1,7.83,7.58,7.75,7.58,10,84.25,83.7300555734865,0.519944426513518
1,7.75,7.75,7.58,7.92,10,84.25,84.1571875722704,0.0928124277295547
1,7.75,7.92,7.5,8.08,10,84.25,84.6757190326062,-0.425719032606162
1,7.83,7.83,7.58,7.75,10,84.25,84.2520467484489,-0.00204674844891301
1,7.67,7.67,7.75,7.75,10,84.25,83.996673078207,0.253326921793022
1,7.83,7.67,7.75,7.58,10,84.25,83.9882151947448,0.261784805255232
1,7.83,7.75,7.83,7.58,10,84.25,84.4322283364936,-0.182228336493601
1,7.42,7.67,7.83,7.75,10,84.25,83.8169667533859,0.433033246614121
1,7.83,7.67,7.75,7.83,10,84.25,84.371706668235,-0.121706668235009
1,7.83,7.75,7.75,7.75,10,84.25,84.4784646156144,-0.228464615614386
1,7.83,7.83,7.5,7.92,10,84.25,84.2982830275697,-0.0482830275696986
1,7.58,7.5,7.75,7.83,10,84.25,83.4898275804068,0.760172419593209
1,7.33,7.92,7.92,7.92,9.33,84.25,84.8942782484567,-0.644278248456665
1,7.83,7.92,7.67,7.83,10,84.25,84.8742788044332,-0.624278804433226
1,7.83,7.83,7.75,7.67,10,84.25,84.5852225629938,-0.335222562993764
1,7.83,7.92,7.67,7.75,10,84.25,84.7515615329164,-0.501561532916349
1,8.17,7.75,7.58,7.67,10,84.25,84.436026434872,-0.186026434871982
1,7.75,7.83,7.58,7.83,10,84.17,84.2486058607102,-0.0786058607102117
1,7.83,7.75,7.58,7.67,10,84.17,83.8998542580358,0.27014574196422
1,7.92,7.75,7.67,7.67,10,84.17,84.2831373504075,-0.113137350407453
1,7.75,7.75,7.58,8,10,84.17,84.2799048437873,-0.109904843787321
1,7.75,7.92,7.58,7.92,10,84.17,84.644822412425,-0.474822412424984
1,7.58,7.83,7.58,7.83,10,84.17,83.9805197722921,0.189480227707889
1,8,7.5,7.5,7.67,10,84.17,83.2362923645505,0.933707635449493
1,7.67,7.83,7.83,7.5,10,84.17,84.2866699653618,-0.116669965361823
1,7.67,7.75,7.75,7.67,10,84.17,84.1034310255864,0.0665689744136459
1,7.67,7.75,7.67,7.75,10,84.17,84.0116103742507,0.158389625749347
1,7.5,7.92,7.58,7.83,10,84.17,84.1125212342948,0.0574787657051798
1,7.92,7.75,7.75,7.75,10,84.17,84.6203925447769,-0.450392544776908
1,7.67,7.5,7.67,7.42,10,84.17,82.7882915701927,1.38170842980726
1,7.67,7.75,7.67,7.75,10,84.17,84.0116103742507,0.158389625749347
1,7.58,7.75,7.75,7.75,10,84.17,84.0842203679407,0.0857796320592925
1,7.58,7.83,7.75,7.67,10,84.17,84.1909783153201,-0.020978315320085
1,7.92,7.75,7.67,7.67,10,84.17,84.2831373504075,-0.113137350407453
1,8.42,8.08,7.5,7.17,10,84.17,84.7953350906596,-0.625335090659647
1,7.75,7.75,7.75,7.75,10,84.17,84.3523064563588,-0.182306456358808
1,7.83,7.5,7.5,8,10,84.17,83.4744150211395,0.695584978860476
1,7.83,7.75,7.5,7.83,10,84.17,83.930750878217,0.239249121783044
1,7.81,7.88,7.56,7.75,10,84.13,84.310294739732,-0.180294739732036
1,7.83,7.5,7.42,7.5,10,84.08,82.4928941513065,1.58710584869353
1,7.58,7.67,7.67,7.67,10,84.08,83.517489954675,0.562510045324999
1,8,7.75,7.5,7.58,10,84.08,83.8153454931448,0.264654506855181
1,7.92,7.75,7.67,7.75,10,84.08,84.4058546219243,-0.325854621924334
1,7.58,7.75,7.67,8,10,84.08,84.2531739185784,-0.173173918578374
1,7.83,7.75,7.83,7.83,10,84.08,84.8157198099838,-0.735719809983844
1,7.67,7.75,7.67,7.75,10,84.08,84.0116103742507,0.0683896257493436
1,7.92,7.92,7.83,8,8.67,84.08,85.7060567812743,-1.62605678127427
1,7.58,7.75,7.67,7.75,10,84,83.8696824450881,0.130317554911869
1,7.83,7.75,7.67,7.75,10,84,84.2639266927618,-0.263926692761808
1,7.42,7.83,7.75,7.92,10,84,84.3221534702992,-0.322153470299174
1,7.67,7.83,7.58,7.92,10,84,84.2605046319111,-0.260504631911123
1,7.67,7.67,7.83,7.58,10,84,83.9504367990862,0.0495632009138072
1,7.92,7.67,7.42,7.92,10,84,83.7667225960871,0.233277403912865
1,7.75,7.83,7.5,7.83,10,84,84.0340679378576,-0.0340679378576353
1,7.67,7.75,7.67,7.67,10,84,83.8888931027338,0.111106897266222
1,7.58,7.42,7.75,7.92,10,84,83.398409291967,0.601590708032977
1,7.67,7.67,7.5,7.5,10,84,82.9427505958024,1.05724940419757
1,7.75,7.75,7.5,7.58,10,84,83.4211012454711,0.57889875452886
1,7.58,7.83,7.67,7.25,10,84,83.3321747170039,0.667825282996096
1,7.67,7.83,7.67,7.75,10,84,84.2410855931469,-0.241085593146909
1,7.67,7.83,7.5,7.75,10,84,83.7851925070852,0.214807492914819
1,7.92,8.17,8.17,8.42,9.33,84,87.9792186879121,-3.97921868791213
1,7.67,7.75,7.67,7.75,10,84,84.0116103742507,-0.0116103742506547
1,7.92,7.75,7.58,7.67,10,84,84.0417821871983,-0.0417821871983049
1,7.58,7.75,7.58,7.75,10,84,83.628327281879,0.371672718121019
1,7.5,7.75,7.58,7.5,10,83.92,83.1186776491332,0.801322350866838
1,7.83,7.83,7.58,7.92,10,83.92,84.5128209504223,-0.592820950422275
1,7.67,7.75,7.5,7.67,10,83.92,83.4330000166721,0.486999983327952
1,7.58,7.67,7.67,7.75,10,83.92,83.6402072261919,0.279792773808125
1,7.83,7.75,7.83,7.75,10,83.92,84.693002538467,-0.773002538466963
1,7.75,7.67,7.5,7.75,10,83.92,83.4524002285482,0.467599771451753
1,7.75,7.58,7.5,7.83,10,83.92,83.3169578788068,0.603042121193162
1,7.75,7.75,7.58,7.75,10,83.92,83.8964133702971,0.0235866297029201
1,7.92,7.67,7.5,7.83,10,83.92,83.8432035884832,0.0767964115167753
1,7.83,7.75,7.58,7.58,10,83.92,83.7617973275793,0.158202672420707
1,7.75,7.58,7.67,7.83,10,83.92,83.7728509648686,0.147149035131434
1,8,7.92,7.92,7.92,10,83.92,85.9508528322221,-2.03085283222212
1,7.67,7.83,7.67,7.75,10,83.92,84.2410855931469,-0.321085593146908
1,7.67,7.75,7.58,7.67,10,83.92,83.6475379395246,0.272462060475374
1,7.5,7.67,7.58,7.83,10,83.92,83.395411175244,0.524588824755975
1,7.75,7.92,7.83,7.92,10,83.92,85.3152534213393,-1.39525342133929
1,7.92,7.58,7.5,7.83,10,83.83,83.5850439672249,0.244956032775058
1,7.83,7.67,7.5,7.75,10,83.83,83.5785583878038,0.251441612196173
1,7.67,7.67,7.75,7.67,10,83.83,83.8739558066901,-0.0439558066901028
1,7.75,7.75,7.5,7.75,10,83.83,83.6818754474445,0.148124552555495
1,7.75,7.67,7.5,7.75,10,83.83,83.4524002285482,0.377599771451749
1,7.25,7.58,7.42,8,10,83.83,82.5747056625803,1.25529433741973
1,7.67,7.75,7.67,7.75,10,83.83,84.0116103742507,-0.181610374250656
1,7.75,7.75,7.67,7.67,10,83.83,84.0150512619894,-0.185051261989356
1,7.67,7.67,7.58,7.5,9.33,83.83,83.157288518655,0.672711481344989
1,7.83,7.42,7.5,7.83,10,83.83,82.9841656002699,0.845834399730091
1,7.58,7.83,7.33,8,10,83.83,83.5708629653512,0.259137034648828
1,7.92,7.5,7.33,7.67,10,83.83,82.6542411192332,1.1757588807668
1,7.5,7.67,7.58,7.75,10,83.83,83.2726939037271,0.557306096272848
1,7.67,7.58,7.58,7.83,10,83.83,83.4053376424038,0.424662357596157
1,7.5,7.83,7.5,7.83,10,83.83,83.639823690184,0.190176309816041
1,7.67,8,7.67,7.42,10,83.83,84.2225116882943,-0.392511688294334
1,7.67,7.58,7.5,7.75,10,83.83,83.0680824480344,0.761917551965612
1,7.83,7.83,7.58,7.67,10,83.83,84.129329476932,-0.299329476932037
1,7.75,7.75,7.58,8,10,83.83,84.2799048437873,-0.449904843787324
1,7.5,7.83,7.58,7.58,10,83.83,83.4708701395463,0.359129860453703
1,7.58,7.83,7.58,8,10,83.83,84.2412939742655,-0.411293974265478
1,7.75,7.58,7.5,7.58,10,83.75,82.9334664053166,0.816533594683401
1,7.67,7.67,7.58,7.75,10,83.75,83.5407799921452,0.20922000785475
1,7.83,7.83,7.58,7.58,10,83.75,83.9912725464755,-0.241272546475549
1,7.67,7.67,7.58,7.58,10,83.75,83.2800057901719,0.469994209828114
1,7.92,7.75,7.5,7.67,10,83.75,83.8272442643457,-0.0772442643457267
1,7.83,7.75,7.67,7.5,10,83.75,83.8804352192716,-0.130435219271567
1,7.75,7.67,7.5,7.67,10,83.75,83.3296829570314,0.420317042968628
1,8,7.92,7.58,7.75,10,83.75,84.7782924581253,-1.0282924581253
1,7.83,7.83,7.83,7.67,10,83.75,84.7997604858463,-1.04976048584634
1,7.67,7.67,7.67,7.92,10,83.75,84.0429093573278,-0.292909357327764
1,7.67,7.42,7.42,7.42,10,83.75,81.8883853423822,1.86161465761782
1,7.58,7.67,7.75,7.67,10,83.75,83.7320278775276,0.0179721224724226
1,7.75,7.67,7.75,7.58,10,83.75,83.8620570354892,-0.112057035489191
1,7.25,7.42,7.67,7.58,10,83.75,82.1419205582385,1.60807944176154
1,7.83,7.58,7.58,7.5,10,83.75,83.1514452159079,0.598554784092123
1,7.67,7.58,7.58,7.67,10,83.75,83.1599030993701,0.590096900629913
1,7.83,7.83,7.58,7.33,10,83.75,83.6077810729853,0.142218927014692
1,7.75,7.67,7.25,7.25,10,83.75,82.0149862726535,1.73501372734654
1,7.83,7.67,7.75,7.67,10,83.75,84.1262721252013,-0.376272125201255
1,7.67,7.83,7.5,7.67,10,83.67,83.6624752355683,0.00752476443169763
1,8.08,7.67,7.67,7.58,10,83.67,84.1679215195659,-0.497921519565865
1,7.5,7.5,7.67,7.67,10,83.67,82.9036969552649,0.76630304473512
1,7.67,7.75,7.67,7.67,10,83.67,83.8888931027338,-0.218893102733776
1,7.58,7.75,7.58,7.75,10,83.67,83.628327281879,0.0416727181210205
1,7.5,7.67,7.33,7.92,10,83.67,82.8630370967862,0.806962903213795
1,7.33,7.67,7.67,7.5,10,83.67,82.862471505028,0.807528494972043
1,7.5,7.75,7.58,7.83,10,83.67,83.6248863941403,0.0451136058597201
1,7.5,7.75,7.5,7.75,10,83.67,83.2876311997708,0.382368800229175
1,8,7.5,7.33,8,10,83.67,83.2866080234959,0.383391976504103
1,7.83,7.75,7.67,7.58,10,83.67,84.0031524907885,-0.333152490788443
1,7.67,7.67,7.67,7.67,10,83.67,83.6594178838375,0.0105821161624788
1,7.67,7.67,7.42,7.67,10,83.67,82.9889868749232,0.681013125076785
1,7.83,7.67,7.33,7.67,10,83.67,82.9999480302252,0.670051969774781
1,7.75,7.75,7.58,7.83,10,83.67,84.019130641814,-0.349130641813957
1,8.17,8.17,7.83,7.67,9.33,83.67,86.3112023429916,-2.64120234299162
1,7.67,8.17,7.5,7.42,10,83.67,84.2542534423871,-0.584253442387143
1,7.67,7.5,7.5,7.33,10,83.67,82.1943415536745,1.47565844632547
1,8.17,7.67,7.58,7.58,10,83.67,84.0684942855192,-0.398494285519239
1,7.67,7.5,7.33,8,10,83.67,82.7662056165667,0.903794383433357
1,7.75,8,7.92,8.08,9.33,83.67,86.0315183464784,-2.36151834647845
1,7.58,7.67,7.58,7.58,10,83.58,83.1380778610094,0.441922138990635
1,7.75,7.75,7.5,7.83,10,83.58,83.8045927189614,-0.224592718961382
1,7.75,7.75,7.58,7.58,10,83.58,83.6356391683237,-0.0556391683237197
1,7.67,7.58,7.58,7.58,10,83.58,83.0218461689136,0.558153831086398
1,7.67,7.75,7.58,7.67,10,83.58,83.6475379395246,-0.0675379395246293
1,7.75,7.75,7.58,7.58,10,83.58,83.6356391683237,-0.0556391683237197
1,7.75,7.67,7.58,7.67,10,83.58,83.544220879884,0.0357791201160485
1,7.67,7.67,7.42,7.75,10,83.58,83.1117041464401,0.468295853559904
1,7.67,7.58,7.67,7.67,10,83.58,83.4012582625792,0.178741737420761
1,7.67,7.58,7.67,7.58,10,83.58,83.2632013321227,0.316798667877248
1,7.75,7.58,7.5,7.58,10,83.58,82.9334664053166,0.646533594683399
1,7.75,7.75,7.75,7.75,10,83.58,84.3523064563588,-0.772306456358811
1,7.67,7.67,7.58,7.67,10,83.58,83.4180627206284,0.161937279371625
1,7.83,7.67,7.58,7.58,10,83.58,83.532322108683,0.0476778913169583
1,7.67,7.58,7.58,7.58,10,83.58,83.0218461689136,0.558153831086398
1,7.83,7.75,7.5,7.75,10,83.58,83.8080336067001,-0.228033606700082
1,7.75,7.58,7.58,7.75,10,83.5,83.4087785301425,0.0912214698574589
1,7.58,7.58,7.17,7.17,10,83.5,81.1514853686076,2.34851463139238
1,7.92,7.42,7.5,7.67,10,83.5,82.8806589863987,0.619341013601323
1,7.75,7.58,7.58,7.5,10,83.5,83.0252870566523,0.4747129433477
1,7.67,7.75,7.5,7.83,10,83.5,83.6784345597058,-0.178434559705804
1,7.58,7.58,7.58,7.58,10,83.5,82.8799182397511,0.620081760248923
1,7.75,7.67,7.58,7.67,10,83.5,83.544220879884,-0.0442208798839498
1,7.25,7.67,7.58,7.92,10,83.5,83.1392238580268,0.360776141973163
1,7.67,7.75,7.5,7.58,10,83.5,83.2949430862156,0.205056913784437
1,7.67,7.42,7.67,7.83,10,83.5,83.1877423678205,0.312257632179518
1,8,7.58,7.25,7.58,10,83.5,82.657279644076,0.84272035592403
1,7.58,7.75,7.5,7.83,10,83.5,83.5365066305433,-0.0365066305432802
1,7.75,7.58,7.33,7.5,10,83.5,82.354856047738,1.14514395226201
1,7.67,7.5,7.67,7.5,10,83.5,82.9110088417096,0.588991158290381
1,7.58,7.75,7.42,7.67,10,83.5,83.0765341646569,0.423465835343052
1,7.58,7.67,7.58,7.75,10,83.5,83.3988520629827,0.101147937017273
1,7.83,7.58,7.25,7.5,10,83.5,82.266476284141,1.23352371585901
1,7.67,7.75,7.67,7.75,10,83.5,84.0116103742507,-0.511610374250655
1,7.75,7.67,7.67,7.75,10,83.5,83.90829331461,-0.408293314609977
1,7.83,7.5,7.5,8,10,83.5,83.4744150211395,0.0255849788604741
1,7.67,7.58,7.58,7.67,10,83.5,83.1599030993701,0.340096900629913
1,7.5,7.5,7.75,7.5,10,83.5,82.8574606761441,0.642539323855903
1,7.5,7.67,7.58,7.92,10,83.5,83.5334681057005,-0.0334681057005134
1,7.83,7.58,7.58,7.58,10,83.5,83.2741624874248,0.225837512575246
1,7.5,7.58,7.58,7.5,10,83.42,82.6310428089786,0.788957191021379
1,7.67,7.75,7.5,7.58,10,83.42,83.2949430862156,0.125056913784439
1,7.67,7.67,7.5,7.67,10,83.42,83.2035247977758,0.216475202224207
1,7.58,7.5,7.42,7.92,10,83.42,82.7429155790964,0.677084420903609
1,7.67,7.67,7,7.08,10,83.42,80.9576229025102,2.46237709748979
1,7.58,7.75,7.33,7.75,10,83.42,82.9578962729647,0.462103727035327
1,7.5,7.58,7.75,7.5,10,83.42,83.0869358950404,0.333064104959651
1,7.58,7.5,7.75,7.58,10,83.42,83.1063361069165,0.313663893083451
1,7.58,7.67,7.58,7.67,10,83.42,83.2761347914659,0.143865208534152
1,7.33,7.83,7.75,7.5,10,83.42,83.535959865673,-0.115959865673045
1,7.75,7.67,7.58,7.67,10,83.42,83.544220879884,-0.124220879883948
1,7.58,7.58,7.25,7.75,10,83.42,82.2557235099576,1.16427649004245
1,7.75,7.83,7.33,7.83,10,83.42,83.5781748517959,-0.158174851795905
1,7.67,7.75,7.5,7.83,10,83.42,83.6784345597058,-0.258434559705802
1,7.67,7.5,7.75,7.42,10,83.42,83.0028294930453,0.417170506954682
1,7.42,7.75,7.67,7.58,10,83.42,83.3565919246036,0.0634080753963878
1,7.5,7.75,7.58,7.5,10,83.42,83.1186776491332,0.301322350866838
1,7.58,7.58,7.58,7.67,10,83.42,83.0179751702076,0.402024829792438
1,7.5,7.92,7.42,7.67,10,83.42,83.4380108455559,-0.0180108455559095
1,7.58,7.25,7.5,7.92,10,83.42,82.2403434428982,1.17965655710183
1,7.25,7.88,7.38,7.63,10,83.38,82.7604013912494,0.619598608750616
1,7.75,7.5,7.75,7.58,10,83.33,83.3744221953346,-0.0444221953346524
1,7.67,7.58,7.58,7.42,10,83.33,82.7764116258798,0.553588374120152
1,7.83,7.58,7.58,7.58,10,83.33,83.2741624874248,0.0558375125752441
1,7.5,7.83,7.33,7.58,10,83.33,82.800439130632,0.529560869368009
1,7.75,7.75,7.5,7.67,10,83.33,83.5591581759276,-0.229158175927628
1,7.67,7.75,7.42,7.83,10,83.33,83.4638966368532,-0.133896636853227
1,7.75,7.58,7.67,7.58,10,83.33,83.3893594913783,-0.0593594913783289
1,7.67,7.67,7.58,7.67,10,83.33,83.4180627206284,-0.0880627206283747
1,7.67,7.67,7.42,7.67,10,83.33,82.9889868749232,0.341013125076782
1,7.83,7.58,7.83,7.67,9.33,83.33,84.0826504267956,-0.752650426795548
1,7.5,7.67,7.67,7.5,10,83.33,83.1305575934461,0.19944240655394
1,7.83,7.75,7.58,7.83,10,83.33,84.1452888010695,-0.815288801069537
1,7.58,7.5,7.67,7.5,10,83.33,82.7690809125471,0.560919087452903
1,7.67,7.67,7.5,7.67,10,83.33,83.2035247977758,0.126475202224203
1,7.83,7.67,7.17,7.67,10,83.33,82.5708721845201,0.759127815479934
1,7.92,7.5,7.58,7.83,10,83.33,83.5701066711813,-0.240106671181266
1,7.75,7.67,7.33,7.5,10,83.33,82.6130156689963,0.716984331003719
1,7.5,7.67,7.67,7.58,10,83.33,83.2532748649629,0.0767251350370623
1,8.08,7.83,7.83,7.75,9.33,83.33,85.3167220050369,-1.9867220050369
1,7.58,7.67,7.58,7.5,10,83.33,83.0153605894925,0.314639410507513
1,7.67,7.83,7.42,7.83,10,83.25,83.6933718557495,-0.44337185574948
1,7.5,7.5,7.83,7.5,10,83.25,83.0719985989967,0.178001401003325
1,7.83,7.5,7.42,7.67,10,83.25,82.7536683532798,0.496331646720171
1,7.5,7.58,7.42,7.83,10,83.25,82.7081757082806,0.541824291719415
1,7.5,7.67,7.67,7.42,10,83.25,83.0078403219292,0.242159678070818
1,7.58,7.67,7.42,7.5,10,83.25,82.5862847437873,0.663715256212671
1,7.58,7.67,7.67,7.17,10,83.25,82.7505070076945,0.499492992305483
1,7.83,7.75,7.5,7.58,10,83.25,83.5472594047267,-0.297259404726717
1,7.67,7.5,7.5,7.5,10,83.25,82.4551157556479,0.794884244352109
1,7.92,7.83,7.75,7.58,10,83.25,84.5890935616998,-1.3390935616998
1,7.58,7.58,7.5,7.58,10,83.25,82.6653803168985,0.584619683101501
1,7.5,7.67,7.58,7.67,10,83.25,83.1499766322103,0.100023367789727
1,7.83,7.5,7.67,7.33,10,83.25,82.9025509582474,0.347449041752592
1,7.58,7.75,7.5,7.5,10,83.25,83.0302978855362,0.219702114463838
1,7.58,7.75,7.83,8,9.33,83.25,84.6822497642835,-1.43224976428353
1,7.75,7.58,7.58,7.58,10,83.25,83.1480043281692,0.101995671830823
1,7.75,7.75,7.42,7.92,10,83.25,83.7281117265653,-0.478111726565289
1,7.83,7.58,7.08,7.83,10,83.25,82.3167919430864,0.933208056913618
1,7.75,7.67,7.5,7.58,10,83.25,83.1916260265749,0.0583739734251148
1,7.67,7.58,7.58,7.42,10,83.25,82.7764116258798,0.473588374120154
1,7.67,7.67,7.5,7.5,10,83.25,82.9427505958024,0.307249404197569
1,7.92,7.75,7.25,7.42,10,83.25,82.7733217819412,0.47667821805882
1,8,7.67,7.67,7.25,10,83.25,83.5355546153032,-0.285554615303172
1,7.92,7.75,7.5,7.42,10,83.25,83.4437527908555,-0.193752790855486
1,7.67,7.42,7.5,7.58,10,83.17,82.3483578082685,0.821642191731488
1,7.58,7.58,7.33,7.67,10,83.17,82.3475441612933,0.822455838706744
1,7.67,7.58,7.42,7.67,10,83.17,82.7308272536649,0.439172746335071
1,7.92,7.5,7.5,7.58,10,83.17,82.9720772748384,0.197922725161557
1,7.58,7.42,7.08,7.33,10,83.17,80.6966143106397,2.47338568936029
1,7.67,7.75,7.42,7.75,10,83.17,83.3411793653363,-0.171179365336347
1,7.67,7.67,7.5,7.67,10,83.17,83.2035247977758,-0.0335247977757932
1,7.5,7.67,7.33,7.67,10,83.17,82.479545623296,0.690454376704035
1,7.67,7.67,7.5,7.67,10,83.17,83.2035247977758,-0.0335247977757932
1,7.5,7.5,7.33,7.67,10,83.17,81.9919107831414,1.17808921685858
1,7.5,7.75,7.5,7.83,10,83.17,83.4103484712877,-0.240348471287702
1,7.92,7.67,7.42,7.75,10,83.17,83.5059483941138,-0.335948394113769
1,7.83,7.75,7.67,7.75,9.33,83.17,84.2639266927618,-1.09392669276181
1,7.67,7.58,7.58,7.75,10,83.17,83.282620370887,-0.112620370886963
1,7.58,7.67,7.67,7.58,10,83.17,83.3794330242185,-0.209433024218511
1,7.58,7.5,7.5,7.67,10,83.17,82.5739620284587,0.596037971541271
1,8,7.67,7.5,7.42,10,83.17,83.3404357312148,-0.170435731214806
1,7.58,7.75,7.5,7.58,10,83.17,83.153015157053,0.0169848429469624
1,7.5,7.5,7.5,7.67,10,83.17,82.4478038692032,0.722196130796848
1,7.67,7.67,7.5,7.67,10,83.17,83.2035247977758,-0.0335247977757932
1,7.33,7.83,7.17,8.17,10,83.17,83.0083170739457,0.161682926054301
1,7.5,7.5,7.58,7.42,10,83.17,82.2788503185655,0.891149681434511
1,7.58,7.5,7.58,7.75,10,83.17,82.9112172228282,0.258782777171816
1,7.67,7.83,7.33,7.67,10,83.17,83.2065821495066,-0.0365821495065742
1,7.75,7.58,7.58,7.58,10,83.17,83.1480043281692,0.0219956718308243
1,7.75,7.67,7.58,7.5,10,83.17,83.2834466779106,-0.113446677910584
1,7.58,7.75,7.42,7.67,10,83.17,83.0765341646569,0.093465835343054
1,7.67,7.5,7.5,7.5,10,83.17,82.4551157556479,0.714884244352111
1,7.75,7.5,7.42,7.75,10,83.17,82.7502274655411,0.419772534458872
1,7.58,7.67,7.5,7.58,10,83.17,82.9235399381568,0.246460061843217
1,7.5,7.75,7.58,7.58,10,83.17,83.24139492065,-0.0713949206500391
1,7.75,7.67,7.58,7.5,10,83.17,83.2834466779106,-0.113446677910584
1,7.92,7.58,7.5,7.58,10,83.17,83.2015524937347,-0.0315524937346979
1,7.75,7.5,7.67,7.5,9.33,83.17,83.0371670009652,0.132832999034806
1,7.75,7.5,7.58,7.5,10,83.17,82.795811837756,0.374188162243956
1,7.58,7.75,7.67,7.5,10,83.17,83.4861909715979,-0.316190971597888
1,7.42,7.83,8.17,8.08,10,83.17,85.693912108309,-2.52391210830896
1,7.75,8,7.67,8.08,9.33,83.17,85.3610873375641,-2.19108733756414
1,7.58,7.67,7.33,7.67,10,83.08,82.6057037825515,0.474296217448455
1,7.75,7.5,7.5,7.42,10,83.08,82.4585566433866,0.621443356613408
1,7.58,7.58,7.58,7.5,10,83.08,82.7572009682342,0.322799031765798
1,7.33,7.67,7.67,7.33,10,83.08,82.6016973030546,0.478302696945403
1,7.83,7.92,7.5,7.83,10,83.08,84.4183857183715,-1.3383857183715
1,7.42,7.67,7.58,7.5,10,83.08,82.7630442709813,0.316955729018666
1,7.58,7.83,7.67,7.42,10,83.08,83.5929489189773,-0.512948918977269
1,7.83,7.33,7.5,7.67,10,83.08,82.4805714359779,0.599428564022131
1,7.33,7.75,7.58,7.33,10,83.08,82.5898173587417,0.490182641258298
1,7.75,7.75,7.5,7.5,10,83.08,83.2983839739543,-0.218383973954264
1,7.83,7.83,7.33,7.17,10,83.08,82.6919155210372,0.38808447896275
1,7.75,7.67,7.42,7.75,10,83.08,83.2378623056957,-0.157862305695672
1,7.67,7.58,7.5,7.67,10,83.08,82.9453651765175,0.134634823482489
1,7.33,7.58,7.58,7.92,10,83.08,83.0072223960241,0.0727776039758708
1,7.33,7.33,7.33,7.58,10,83.08,81.0981329241123,1.9818670758877
1,7.83,7.75,7.33,7.25,10,83.08,82.5851575736579,0.494842426342128
1,7.67,7.58,7.5,7.58,10,83.08,82.807308246061,0.272691753938976
1,7.92,7.67,7.67,7.25,10,83.08,83.4093964560476,-0.329396456047597
1,7.58,7.5,7.5,7.75,10,83,82.6966792999756,0.303320700024392
1,7.5,7.58,7.58,7.67,10,83,82.891817010952,0.108182989048013
1,7.5,7.67,7.58,7.67,10,83,83.1499766322103,-0.149976632210273
1,7.67,7.58,7.42,7.42,10,83,82.3473357801747,0.65266421982531
1,7.67,7.67,7.5,7.58,10,83,83.0654678673193,-0.0654678673193084
1,7.67,7.67,7.33,7.67,10,83,82.7476317117141,0.252368288285933
1,7.75,7.67,7.58,7.58,10,83,83.4061639494275,-0.406163949427463
1,7.67,7.75,7.33,7.92,10,83,83.3605984041006,-0.360598404100562
1,7.75,7.67,7.33,7.75,10,83,82.9965071424865,0.00349285751347934
1,7.83,7.67,7.25,7.67,10,83,82.7854101073726,0.214589892627358
1,7.67,7.67,7.67,7.5,10,83,83.3986436818642,-0.398643681864159
1,7.92,7.92,7.83,7.58,10,83,85.0617911058107,-2.06179110581067
1,7.83,7.58,7.5,7.5,10,83,82.9369072930553,0.0630927069447011
1,7.67,7.5,7.67,7.83,9.33,83,83.4172175867167,-0.417217586716737
1,7.67,7.67,7.42,7.83,10,83,83.234421417957,-0.234421417956971
1,7.67,7.58,7.5,7.58,10,83,82.807308246061,0.192691753938978
1,7.75,7.58,7.42,7.67,10,83,82.8569854129205,0.143014587079492
1,7.75,7.42,7.33,7.5,10,83,81.8959056099455,1.10409439005452
1,7.83,7.5,7.58,7.33,10,83,82.6611957950383,0.338804204961741
1,7.33,7.67,7.75,7.42,10,83,82.9542921563637,0.04570784363634
1,7.58,7.75,7.42,7.67,10,83,83.0765341646569,-0.0765341646569477
1,7.5,7.5,7.42,7.58,10,83,82.0952090158941,0.904790984105911
1,7.67,7.58,7.42,7.5,10,83,82.4700530516916,0.529946948308433
1,7.67,7.83,7.5,7.58,10,83,83.5244183051118,-0.524418305111818
1,7.5,7.67,7.5,7.5,10,83,82.6746645073843,0.325335492615669
1,7.67,7.58,7.5,7.5,10,83,82.6845909745442,0.315409025455855
1,7.75,7.58,7.5,7.67,10,83,83.0715233357731,-0.0715233357730858
1,7.67,7.58,7.58,7.58,10,83,83.0218461689136,-0.0218461689136006
1,7.5,7.67,7.5,7.67,10,83,82.9354387093577,0.0645612906423056
1,7.67,7.67,7.58,7.5,10,83,83.157288518655,-0.157288518655009
1,7.33,7.67,7.58,7.5,10,83,82.6211163418188,0.378883658181191
1,7.33,7.67,7.58,7.33,10,83,82.3603421398454,0.639657860154555
1,7.83,7.83,7.67,7.83,9.33,83,84.6161191831749,-1.61611918317494
1,7.5,7.58,7.42,7.58,10,83,82.3246842347903,0.675315765209656
1,7.5,7.58,7.67,7.67,10,83,83.1331721741611,-0.133172174161137
1,7.58,7.83,7.75,7.92,9.33,83,84.5744697888103,-1.57446978881033
1,7.5,7.25,7.42,7.75,10,83,81.6388731588167,1.36112684118334
1,7.67,7.58,7.5,7.58,10,82.92,82.807308246061,0.112691753938979
1,7.5,7.5,7.75,7.58,9.33,82.92,82.980177947661,-0.0601779476609719
1,7.58,7.67,7.5,7.33,10,82.92,82.5400484646665,0.379951535333458
1,7.17,7.83,7.25,7.67,10,82.92,82.2035557313067,0.716444268693358
1,7.58,7.58,7.5,7.5,10,82.92,82.5426630453816,0.37733695461838
1,7.5,7.58,7.67,7.33,10,82.92,82.6116237702144,0.308376229785593
1,7.58,7.58,7.67,7.58,10,82.92,83.1212734029602,-0.201273402960225
1,8.08,7.5,7.67,7.42,10,82.92,83.4348521363776,-0.51485213637757
1,7.83,7.67,7.25,7.58,10,82.92,82.6473531769162,0.272646823083846
1,7.75,7.67,7.42,7.42,10,82.92,82.7316535606886,0.188346439311449
1,7.08,7.5,7.5,7.83,10,82.92,82.0309080761451,0.889091923854871
1,8,7.5,7.5,7.58,10,82.92,83.098235434094,-0.17823543409402
1,7.75,7.58,7.58,7.5,10,82.92,83.0252870566523,-0.105287056652299
1,7.75,7.5,7.42,7.58,10,82.92,82.4894532635678,0.430546736432235
1,7.67,7.83,7.42,7.5,10,82.92,83.1871631107424,-0.26716311074236
1,7.58,7.58,7.25,7.58,10,82.92,81.9949493079842,0.925050692015809
1,7.58,7.5,7.75,7.33,10,82.92,82.7228446334263,0.197155366573692
1,7.75,7.5,7.25,7.5,10,82.92,81.9108429059892,1.00915709401084
1,7.83,7.75,7.25,7.92,10,82.92,83.3983767997591,-0.478376799759136
1,7.83,7.67,7.42,7.42,10,82.92,82.8578117199441,0.0621882800558723
1,7.58,7.58,7.33,7.25,10,82.92,81.7032784858297,1.21672151417035
1,7.67,7.33,7.17,7.58,10,82.92,81.2052292552433,1.71477074475666
1,8,7.92,7.67,7.17,10,82.92,84.1299474028371,-1.20994740283709
1,7.5,7.5,7.5,7.42,10,82.92,82.0643123957129,0.855687604287088
1,7.5,7.75,7.33,7.75,10,82.92,82.8317381137091,0.0882618862909033
1,7.42,7.58,7.5,7.17,10,82.92,81.7841379818634,1.13586201813665
1,7.75,7.58,7.42,7.58,10,82.83,82.718928482464,0.111071517535977
1,7.5,7.58,7.33,7.67,10,82.83,82.2213860020377,0.608613997962318
1,7.67,7.58,7.58,7.5,10,82.83,82.8991288973967,-0.0691288973967251
1,7.33,7.67,7.67,7.83,10,82.83,83.3686802500351,-0.538680250035078
1,7.83,7.92,7.75,7.83,9.33,82.83,85.0888167272858,-2.25881672728581
1,7.25,7.58,7.5,7.42,10,82.83,81.8995433669355,0.930456633064508
1,7.58,7.58,7.33,7.67,10,82.83,82.3475441612933,0.482455838706741
1,7.58,7.83,7.33,7.67,10,82.83,83.0646542203441,-0.234654220344054
1,7.83,7.67,7.5,7.58,10,82.83,83.3177841858305,-0.487784185830464
1,7.42,7.58,7.25,7.5,10,82.83,81.6199157179562,1.21008428204384
1,7.67,7.67,7.75,7.67,10,82.83,83.8739558066901,-1.0439558066901
1,7.5,7.42,7.58,7.5,10,82.83,82.1720923711861,0.657907628813884
1,7.83,7.5,7.5,7.42,10,82.83,82.5847148026422,0.245285197357831
1,7.67,7.5,7.33,7.25,10,82.83,81.6157311960959,1.21426880390408
1,7.58,7.67,7.5,7.58,10,82.83,82.9235399381568,-0.0935399381567865
1,7.67,7.58,7.42,7.75,10,82.83,82.8535445251818,-0.0235445251818097
1,7.67,7.67,7.33,7.5,10,82.83,82.4868575097407,0.343142490259295
1,7.58,7.58,7.5,7.42,10,82.83,82.4199457738647,0.410054226135254
1,7.75,7.58,7.75,7.75,10,82.83,83.8646716162043,-1.03467161620427
1,7.5,7.58,7.42,7.67,10,82.75,82.4627411652468,0.28725883475317
1,7.58,7.67,7.5,7.58,10,82.75,82.9235399381568,-0.173539938156785
1,7.5,7.67,7.17,7.67,10,82.75,82.0504697775908,0.69953022240919
1,7.5,7.5,7.42,7.58,10,82.75,82.0952090158941,0.654790984105911
1,7.42,7.58,7.42,7.67,10,82.75,82.3365830059913,0.413416994008746
1,7.5,7.58,7.42,7.58,10,82.75,82.3246842347903,0.425315765209656
1,7.58,7.58,7.33,7.58,10,82.75,82.2094872308368,0.540512769163229
1,7.83,7.67,7.33,7.67,10,82.75,82.9999480302252,-0.24994803022522
1,7.67,7.67,7.17,7.33,10,82.75,81.7970074620622,0.952992537937817
1,7.58,7.5,7.42,7.67,10,82.75,82.3594241056062,0.390575894393847
1,7.58,7.5,7.42,7.58,10,82.75,82.2213671751497,0.528632824850334
1,7.5,7.5,7.58,7.5,10,82.75,82.4015675900824,0.348432409917632
1,7.67,7.5,7.33,7.33,10,82.75,81.7384484676128,1.0115515323872
1,7.5,7.67,7.42,7.67,10,82.75,82.7209007865051,0.0290992134948837
1,7.5,7.58,7.58,7.75,10,82.75,83.0145342824689,-0.264534282468864
1,7.75,7.58,7.42,7.5,10,82.75,82.5962112109471,0.153788789052856
1,7.75,7.42,7.25,7.75,10,82.75,82.0648591605832,0.685140839416853
1,7.67,7.42,7.42,7.58,10,82.75,82.1338198854159,0.616180114584065
1,7.67,7.58,7.42,7.83,10,82.75,82.9762617966987,-0.226261796698685
1,7.58,7.83,7.75,7.75,10,82.75,84.313695586837,-1.56369558683696
1,7.58,7.33,7.17,7.33,10,82.75,80.6798098525906,2.07019014740942
1,7.58,7.58,7.5,7.5,10,82.75,82.5426630453816,0.207336954618378
1,7.58,7.58,7.33,7.75,10,82.75,82.4702614328101,0.279738567189865
1,8.08,8.17,8,8,10,82.75,87.131376244898,-4.38137624489795
1,7.5,7.58,7.42,7.67,10,82.75,82.4627411652468,0.28725883475317
1,7.67,7.58,7.58,7.58,10,82.75,83.0218461689136,-0.271846168913601
1,7.25,7.75,7.5,7.83,10,82.75,83.016104223614,-0.266104223614027
1,7.42,7.42,7.5,7.58,10,82.75,81.9541135605948,0.795886439405164
1,7.75,7.67,7.5,7.83,10,82.75,83.5751175000651,-0.825117500065126
1,7.5,7.58,7.25,7.75,10,82.67,82.129565350702,0.540434649298022
1,7.5,7.58,7.5,7.67,10,82.67,82.6772790880994,-0.00727908809940693
1,7.67,7.67,7.42,7.42,10,82.67,82.605495401433,0.064504598567026
1,7.67,7.67,7.67,7.67,9.33,82.67,83.6594178838375,-0.989417883837521
1,7.5,7.67,7.42,7.75,10,82.67,82.843618058022,-0.173618058021992
1,7.75,7.5,7.33,7.58,10,82.67,82.2480981003586,0.421901899641385
1,7.58,7.5,7.42,7.67,10,82.67,82.3594241056062,0.310575894393849
1,7.33,7.5,7.58,7.58,10,82.67,82.2561987731811,0.413801226818856
1,7.5,7.5,7.5,7.5,10,82.67,82.1870296672298,0.482970332770211
1,7.58,7.5,7.5,7.58,10,82.67,82.4359050980022,0.234094901997758
1,8,7.83,7.83,7.42,10,82.67,84.6843551007742,-2.0143551007742
1,7.67,7.58,7.42,7.5,10,82.67,82.4700530516916,0.199946948308435
1,7.67,7.5,7.33,7.67,10,82.67,82.2599968715595,0.410003128440476
1,7.67,7.5,7.5,7.5,10,82.67,82.4551157556479,0.214884244352111
1,7.42,7.5,7.5,7.67,10,82.67,82.3216457099476,0.348354290052424
1,7.75,7.58,7.67,7.25,10,82.67,82.8831507463712,-0.213150746371207
1,7.92,8,7.5,6.75,9.33,82.67,83.1331057009524,-0.463105700952434
1,7.67,7.67,7.17,7.67,10,82.67,82.3185558660089,0.351444133991091
1,7.83,7.33,7.83,7.33,9.33,82.67,82.843991963798,-0.173991963798023
1,7.58,7.58,7.42,7.58,10,82.67,82.4508423940459,0.219157605954081
1,7.5,7.58,7.58,7.58,10,82.67,82.7537600804955,-0.0837600804954986
1,7.33,7.58,7.42,7.42,10,82.67,81.8111636033385,0.858836396661512
1,7.83,7.67,7.5,7.67,9.33,82.67,83.4558411162869,-0.785841116286947
1,7.75,7.58,7.25,7.75,10,82.67,82.5238095983757,0.146190401624345
1,8.08,7.67,7.67,7.33,10,82.67,83.7844300460756,-1.11443004607562
1,7.5,7.42,7.33,7.33,10,82.67,81.2408871602984,1.42911283970156
1,7.5,7.42,7.42,7.75,10,82.58,82.1265079989712,0.4534920010288
1,7.67,7.42,7.5,7.42,10,82.58,82.1029232652348,0.477076734765239
1,7.5,7.58,7.42,7.5,10,82.58,82.2019669632735,0.378033036726532
1,7.25,7.25,7,7.08,10,82.58,79.0905476672131,3.4894523327869
1,7.42,7.42,7.5,7.33,10,82.58,81.5706220871046,1.0093779128954
1,7.83,7.58,7.42,7.33,10,82.58,82.4615951682294,0.118404831770641
1,7.75,7.33,7.42,7.67,10,82.58,82.1398753538697,0.440124646130286
1,7.42,7.58,7.58,7.42,10,82.58,82.3821673782062,0.197832621793829
1,7.75,7.42,7.33,7.5,10,82.58,81.8959056099455,0.684094390054514
1,7.83,7.5,7.42,7.58,10,82.58,82.6156114228233,-0.0356114228233448
1,7.67,7.42,7.5,7.67,10,82.58,82.486414738725,0.0935852612749985
1,7.58,7.58,7.42,7.75,10,82.58,82.7116165960193,-0.131616596019286
1,7.5,7.58,7.42,7.58,10,82.58,82.3246842347903,0.255315765209654
1,7.75,7.25,7.33,7.42,10,82.58,81.2855534982741,1.29444650172593
1,7.75,7.5,7.75,7.25,10,82.58,82.8682134503275,-0.288213450327534
1,7.58,7.5,7.42,7.58,10,82.58,82.2213671751497,0.358632824850332
1,7.5,7.58,7.5,7.5,10,82.58,82.416504886126,0.163495113873953
1,7.67,7.58,7.58,7.75,10,82.58,83.282620370887,-0.702620370886966
1,7.33,7.42,7.58,7.42,10,82.58,81.7812890112511,0.798710988748862
1,7.58,7.5,7.33,7.75,10,82.58,82.2407862139139,0.339213786086118
1,7.5,7.5,7.5,7.5,10,82.5,82.1870296672298,0.31297033277021
1,7.83,7.75,7.25,7.5,10,82.5,82.7541111242955,-0.254111124295533
1,7.58,7.58,7.33,7.5,10,82.5,82.0867699593199,0.413230040680106
1,7.5,7.5,7.33,7.5,10,82.5,81.7311365811681,0.768863418831938
1,7.5,7.83,7.5,7.75,10,82.5,83.5171064186671,-1.01710641866708
1,7.33,7.5,7.5,7.5,10,82.5,81.9189435788117,0.58105642118831
1,7.67,7.42,7.33,7.58,10,82.5,81.8924647222068,0.607535277793215
1,7.75,7,7.42,7.58,10,82.5,81.0552331454662,1.44476685453382
1,7.42,7.58,7.5,7.67,10,82.5,82.5511209288438,-0.0511209288438318
1,7.42,7.5,7.67,7.33,10,82.5,82.2559903920626,0.244009607937422
1,7.83,7.42,7.33,7.67,10,82.5,82.2828379711744,0.217162028825575
1,7.5,7.5,7.42,7.42,10,82.5,81.8497744728603,0.650225527139665
1,7.83,7.67,7.17,7.33,10,82.5,82.0493237805733,0.450676219426663
1,7.5,7.58,7.5,7.5,10,82.5,82.416504886126,0.0834951138739551
1,7.67,7.5,7.33,7.67,10,82.5,82.2599968715595,0.240003128440474
1,7.92,7.5,7.33,7.58,10,82.5,82.5161841887767,-0.0161841887767169
1,7.67,7.33,7.33,7.33,10,82.5,81.2508136274583,1.24918637254174
1,7.67,7.42,7.33,7.67,10,82.5,82.0305216526633,0.469478347336728
1,7.67,7.5,7.33,7.5,10,82.5,81.9992226695862,0.500777330413838
1,7.33,7.42,7.33,7.75,10,82.5,81.617066747344,0.882933252656052
1,7.75,7.58,7.67,7.67,10,82.5,83.5274164218348,-1.02741642183481
1,7.42,7.67,7.17,7.58,10,82.42,81.7862546878788,0.633745312121255
1,7.58,7.5,7.33,7.75,10,82.42,82.2407862139139,0.179213786086122
1,7.67,7.58,7.25,7.67,10,82.42,82.2749341676032,0.145065832396799
1,7.58,7.5,7.25,7.67,10,82.42,81.9035310195444,0.516468980455577
1,7.5,7.42,7.08,7.75,10,82.42,81.2147218268477,1.20527817315226
1,5.08,7.75,7.83,7.75,10,82.42,80.3563158140565,2.06368418594348
1,7.67,7.42,7.42,7.5,10,82.42,82.0111026138991,0.408897386100944
1,7.42,7.5,7.33,7.5,10,82.42,81.6049784219125,0.815021578087516
1,7.67,7.25,7.42,7.42,10,82.42,81.4007505022276,1.01924949777236
1,7.17,7.83,7.33,7.5,10,82.42,82.1573194521859,0.262680547814144
1,7.5,7.5,7.5,7.67,10,82.42,82.4478038692032,-0.0278038692031523
1,7.42,7.5,7.42,7.58,10,82.42,81.9690508566385,0.450949143361489
1,7.58,7.67,7.33,7.5,10,82.42,82.3449295805782,0.0750704194218221
1,7.58,7.58,7.58,7.75,10,82.42,83.1406924417244,-0.720692441724439
1,7.25,7.33,7.25,7.5,10,82.42,80.6347195704873,1.78528042951274
1,7.5,7.58,7.5,7.92,10,82.42,83.0607705615896,-0.640770561589648
1,7.25,7.67,7.42,7.17,10,82.42,81.559673591851,0.860326408149044
1,7.67,7.42,7.33,7.5,10,82.42,81.7697474506899,0.650252549310094
1,7.5,7.42,7.42,7.67,10,82.42,82.0037907274543,0.41620927254568
1,7.42,7.58,7.5,7.42,10,82.42,82.1676294553536,0.252370544646411
1,7.42,7.58,7.33,7.58,10,82.42,81.9571709123256,0.462829087674385
1,7.75,7.33,7.25,7.58,10,82.42,81.5459253373515,0.874074662648504
1,7.5,7.58,7.33,7.5,10,82.42,81.9606118000643,0.459388199935685
1,7.58,7.58,7.17,7.5,10,82.42,81.6576941136147,0.762305886385264
1,7.58,7.33,7.33,7.58,10,82.42,81.492377171786,0.927622828214026
1,7.67,7.58,7.33,7.42,10,82.42,82.1059806169655,0.314019383034462
1,7.83,7.5,7.42,7.67,10,82.42,82.7536683532798,-0.333668353279828
1,7.67,7.33,7.25,7.42,10,82.42,81.1743326350622,1.24566736493783
1,7.75,7.5,7.42,7.42,10,82.42,82.244018720534,0.17598127946599
1,7.33,7.58,7.17,7.58,10,82.42,81.3861671374579,1.03383286254206
1,7.58,7.25,7.42,7.25,10,82.42,80.9980483710918,1.42195162890825
1,7.5,7.58,7.33,7.5,10,82.33,81.9606118000643,0.369388199935681
1,7.33,7.5,7.5,7.33,10,82.33,81.6581693768383,0.671830623161672
1,7.42,7.42,7.42,7.5,10,82.33,81.6168583662254,0.713141633774617
1,7.5,7.5,7.42,7.5,10,82.33,81.9724917443772,0.357508255622786
1,7.75,7.5,7.25,7.25,10,82.33,81.5273514324989,0.802648567501078
1,7.75,7.33,7.5,7.5,10,82.33,82.0936390747489,0.236360925251072
1,7.5,7.58,7.42,7.5,10,82.33,82.2019669632735,0.128033036726532
1,8.25,7.83,7.25,8.33,10,82.33,84.9191083712712,-2.58910837127117
1,7.42,7.5,7.5,7.42,10,82.33,81.9381542364573,0.391845763542662
1,7.5,7.42,7.17,7.83,10,82.33,81.5787942615738,0.751205738426229
1,7.33,7.58,7.42,7.58,10,82.33,82.0565981463722,0.273401853627755
1,7.75,8.08,7.67,8.08,6.67,82.33,85.5905625564604,-3.2605625564604
1,7.58,7.67,7.5,7.58,10,82.33,82.9235399381568,-0.593539938156787
1,7.33,7.58,7.42,7.5,10,82.33,81.9338808748554,0.396119125144632
1,7.42,7.33,7.5,7.17,10,82.33,81.0670279228126,1.26297207718744
1,7.5,7.5,7.5,7.5,10,82.33,82.1870296672298,0.142970332770208
1,7.5,7.5,7.5,7.5,10,82.33,82.1870296672298,0.142970332770208
1,7.5,7.42,7.58,7.5,10,82.33,82.1720923711861,0.157907628813884
1,7.5,7.42,7.5,7.5,10,82.33,81.9575544483335,0.372445551666463
1,7.67,7.5,7.42,7.5,10,82.33,82.2405778327953,0.0894221672046859
1,7.92,7.58,7.25,7.75,10,82.33,82.7918956867938,-0.461895686793759
1,7.67,7.5,7.33,7.67,10,82.33,82.2599968715595,0.0700031284404721
1,7.58,7.67,7.58,7.33,10,82.33,82.7545863875191,-0.424586387519124
1,7.67,7.58,7.5,7.58,10,82.33,82.807308246061,-0.477308246061024
1,7.5,7.67,7.33,7.5,10,82.33,82.2187714213226,0.111228578677396
1,7.58,7.5,7.42,7.5,10,82.33,82.0986499036328,0.231350096367209
1,8,7.75,7.33,7.33,10,82.33,82.9759609335928,-0.64596093359285
1,7.58,7.58,7.25,7.58,10,82.33,81.9949493079842,0.335050692015806
1,7.83,7.58,7.33,7.25,10,82.33,82.0975227335033,0.232477266496669
1,7.58,7.5,7.25,7.42,10,82.25,81.5200395460542,0.729960453945816
1,7,7.08,7,7.17,10,82.25,78.3467255098414,3.90327449015863
1,7.67,7.5,7.25,7.67,10,82.25,82.045458948707,0.204541051293052
1,7.42,7.67,7.5,7.08,10,82.25,81.9042406726652,0.345759327334851
1,7.58,7.67,7.5,7.67,9.33,82.25,83.0615968686133,-0.811596868613272
1,7.58,7.5,7.42,7.58,10,82.25,82.2213671751497,0.0286328248503338
1,7.58,7.42,7.33,7.42,10,82.25,81.5051022500105,0.744897749989493
1,7.75,7.58,7.42,7.42,10,82.25,82.4734939394303,-0.223493939430267
1,7.5,7.5,7.5,7.5,10,82.25,82.1870296672298,0.0629703327702097
1,7.58,7.58,7.42,7.42,10,82.25,82.2054078510122,0.0445921489878336
1,7.33,7.42,7.5,7.67,10,82.25,81.9502425618888,0.299757438111201
1,7.58,7.58,7.5,7.17,10,82.25,82.0364543003745,0.213545699625496
1,7.5,7.5,7.33,7.58,10,82.25,81.8538538526849,0.39614614731506
1,7.5,7.58,7.42,7.67,10,82.25,82.4627411652468,-0.21274116524683
1,7.67,7.58,7.33,7.5,10,82.25,82.2286978884824,0.0213021115175828
1,7.75,7.33,7.33,7.5,10,82.25,81.6377459886872,0.612254011312801
1,7.33,7.58,7.42,7.67,10,82.25,82.1946550768287,0.0553449231712697
1,7.42,7.5,7.42,7.58,10,82.25,81.9690508566385,0.280949143361488
1,7.5,7.42,7.67,7.33,10,82.25,82.1526733324219,0.0973266675781
1,7.67,7.33,7.33,7.33,10,82.25,81.2508136274583,0.999186372541742
1,7.67,7.58,7.42,7,10,82.25,81.7030701047111,0.546929895288915
1,7.17,7.25,7.58,7.25,10,82.25,80.7805636506121,1.46943634938792
1,7.42,7.42,7.5,7.42,10,82.17,81.7086790175611,0.46132098243892
1,7.5,7.5,7.17,7.42,10,82.17,81.179343463946,0.990656536053973
1,7.5,7.5,7.33,7.42,10,82.17,81.6084193096512,0.561580690348817
1,7.58,7.42,7.42,7.33,10,82.17,81.6084004827632,0.561599517236831
1,7.42,7.42,7.42,7.5,10,82.17,81.6168583662254,0.553141633774621
1,6.92,7.58,7.42,7.33,10,82.17,81.0265461066972,1.14345389330283
1,7.42,7.42,7.17,7.75,10,82.17,81.3299188308013,0.840081169198686
1,7.67,7.5,7.25,7.42,10,82.17,81.6619674752167,0.508032524783295
1,7.42,7.42,7.5,7.5,10,82.17,81.831396289078,0.338603710922043
1,7.58,7.5,7.42,7.25,10,82.17,81.7151584301426,0.454841569857454
1,7.75,7.42,7.42,7.58,10,82.17,82.2599780446715,-0.08997804467151
1,7.42,7.33,7.17,7.42,10,82.17,80.5655504645359,1.60444953546409
1,7.5,7.5,7.33,7.42,10,82.17,81.6084193096512,0.561580690348817
1,7.5,7.5,7.5,7.5,10,82.17,82.1870296672298,-0.0170296672297886
1,7.67,7.5,7.5,7.17,10,82.17,81.9489070106408,0.221092989359229
1,7.33,7.25,7.25,7.58,10,82.17,80.6541197823635,1.51588021763654
1,7.5,7.67,7,7.5,10,82.17,81.3338024895557,0.836197510444284
1,7.25,7.75,7,7.75,9.33,82.17,81.5525249342685,0.617475065731465
1,7.5,7.58,7.25,7.5,10,82.17,81.7460738772117,0.423926122788263
1,7,7.67,7.5,7.5,10,82.17,81.886176012037,0.283823987963025
1,7.58,7.67,7.42,7.17,10,82.17,82.0800759987802,0.0899240012197902
1,7.5,7.5,7.42,7.42,10,82.08,81.8497744728603,0.230225527139663
1,7.75,7.58,7.42,7.67,10,82.08,82.8569854129205,-0.776985412920509
1,7.42,7.58,7.42,7.5,10,82.08,82.0758088040179,0.00419119598210846
1,7.25,7.25,7.58,7.58,10,82.08,81.4129305548748,0.667069445125225
1,7.75,7.42,7.42,7.25,10,82.08,81.7537692996644,0.326230700335605
1,7.42,7.33,7.42,7.42,10,82.08,81.2359814734502,0.844018526549781
1,7.42,7.5,7.5,7.33,10,82.08,81.8000973060009,0.279902693999148
1,7.5,7.42,7.42,7.42,10,82.08,81.6202992539641,0.459700746035918
1,7.58,7.33,7.33,7.33,10,82.08,81.1088856982957,0.971114301704263
1,7.25,7.58,7.58,7.25,10,82.08,81.8533070878147,0.226692912185293
1,7.42,7.58,7.5,7.33,10,82.08,82.0295725248971,0.0504274751028939
1,7.5,7.42,7.42,7.5,10,82.08,81.743016525481,0.336983474519041
1,7.67,7.5,7.25,7.58,10,82.08,81.9074020182505,0.172597981749537
1,7.67,8,7.17,7.08,10,82.08,82.360101266519,-0.280101266518994
1,7.58,7.42,7.25,7.75,10,82.08,81.7967730721651,0.283226927834951
1,7.33,7.5,7.33,7.58,10,82.08,81.5857677642668,0.494232235733159
1,7.67,7.42,7.67,7.33,10,82.08,82.42075942084,-0.340759420840002
1,7.5,7.5,7.17,7.5,10,82,81.3020607354629,0.697939264537094
1,7.5,7.5,7.25,7.33,10,82,81.2558244563421,0.74417554365788
1,7.5,7.33,7.42,7.5,10,82,81.4848569042227,0.515143095777328
1,7.67,7.33,7.33,7.42,10,82,81.3888705579147,0.611129442085255
1,7.42,7.5,7.25,7.33,10,82,81.1296662970865,0.870333702913456
1,7.42,7.42,7.33,7.58,10,82,81.4982204745331,0.501779525466892
1,7.5,7.42,7.33,7.58,10,82,81.6243786337887,0.375621366211315
1,7.33,7.5,7.17,7.42,10,82,80.9112573755279,1.08874262447207
1,7.58,7.5,7.42,7.42,10,82,81.9759326321159,0.0240673678840883
1,7.5,7.25,7.33,7.33,10,82,80.7532523201439,1.2467476798561
1,7.33,7.33,7.33,7.5,10,82,80.9754156525954,1.02458434740458
1,7.33,7.33,7.58,7.5,10,82,81.6458466615097,0.354153338490272
1,7.42,7.58,7.33,7.42,10,82,81.7117363692919,0.288263630708137
1,7.33,7.67,7.42,7.17,10,82,81.6858317511065,0.314168248893466
1,7.67,7.33,7.25,7.5,10,82,81.297049906579,0.702950093420956
1,7.42,7.5,7.33,7.5,10,82,81.6049784219125,0.395021578087515
1,7.42,7.5,7.25,7.5,10,82,81.3904404990599,0.609559500940093
1,7.33,7.33,7.33,7.5,10,82,80.9754156525954,1.02458434740458
1,7.58,7.5,7.17,7.5,10,82,81.4282188947185,0.571781105281517
1,7.75,7.33,7.33,7.42,9.33,82,81.5150287171703,0.484971282829678
1,7.33,7,7.08,7.42,10,82,79.2356820942172,2.76431790578281
1,7.58,7.5,7.25,7.58,10,81.92,81.7654740890879,0.154525910912064
1,7.5,7.5,7.25,7.42,10,81.92,81.3938813867986,0.526118613201395
1,7.58,7.5,7.25,7.33,10,81.92,81.3819826155977,0.538017384402305
1,7.42,7.33,7.33,7.5,10,81.92,81.117343581758,0.802656418242057
1,7.67,7.58,7.33,7.5,9.33,81.92,82.2286978884824,-0.308697888482416
1,7.58,7.58,7.17,7.83,10,81.92,82.1639028586219,-0.243902858621854
1,7.33,7.33,7.33,7.42,10,81.92,80.8526983810785,1.06730161892146
1,7.58,7.42,7.25,7.17,10,81.92,80.9070728536677,1.01292714633231
1,7.67,7.08,7.42,7.33,10,81.92,80.7750587316166,1.14494126838339
1,7.42,7.33,7.33,7.58,10,81.92,81.2400608532748,0.67993914672518
1,7.5,7.5,7.42,7.25,10,81.92,81.589000270887,0.33099972911303
1,7.58,7.5,7.25,7.58,10,81.92,81.7654740890879,0.154525910912064
1,7.5,7.5,7.25,7.25,10,81.92,81.1331071848252,0.786892815174759
1,7.5,7.42,7.25,7.5,10,81.92,81.2871234394192,0.632876560580772
1,7.33,7.58,7.17,7.58,10,81.92,81.3861671374579,0.533832862542064
1,7.67,7.42,7.33,7.83,10,81.92,82.275956195697,-0.355956195697024
1,7.42,7.58,7.25,7.5,10,81.92,81.6199157179562,0.30008428204384
1,7.67,7.33,7.33,7.58,10,81.92,81.6343051009485,0.285694899051503
1,7.42,7.5,7.25,7.5,10,81.83,81.3904404990599,0.439559500940091
1,7.25,7.33,7.5,7.33,10,81.83,81.0443763774282,0.785623622571789
1,7.42,7.5,7.42,7.5,10,81.83,81.8463335851216,-0.016333585121637
1,7.75,7.83,7.58,7.75,10,81.83,84.1258885891933,-2.29588858919334
1,7.58,7.5,7.33,7.42,10,81.83,81.7345774689068,0.0954225310932364
1,7.17,7.58,6.83,7.5,10,81.83,80.0993473753065,1.73065262469355
1,7.58,7,6.92,6.92,10,81.83,78.4338675492052,3.39613245079477
1,7.33,7.58,7.5,7.42,10,81.83,82.0257015261911,-0.195701526191069
1,7.58,7.5,7.33,7.5,10,81.83,81.8572947404236,-0.0272947404236408
1,7.5,7.5,7.33,7.5,10,81.83,81.7311365811681,0.0988634188319361
1,7.67,7.5,7.5,7.25,10,81.83,82.0716242821576,-0.241624282157651
1,7.67,7.33,7.17,7.25,10,81.83,80.6990205102362,1.13097948976377
1,7.42,7.42,7.42,7.33,10,81.83,81.356084164252,0.473915835747981
1,7.58,7.42,7.33,7.33,10,81.83,81.367045319554,0.462954680445978
1,7.33,7.58,7.25,7.17,10,81.83,80.9717790437865,0.858220956213478
1,7.5,7.5,7.33,7.33,10,81.83,81.4703623791947,0.3596376208053
1,7.42,7.42,7.25,7.5,10,81.83,81.1609652801637,0.669034719836346
1,7.5,7.5,7,7.42,10,81.83,80.7234503778843,1.1065496221157
1,7.83,7.83,7.83,8,10,81.83,85.3059692308535,-3.47596923085346
1,7.75,7.75,7.5,7.42,9.33,81.83,83.1756667024374,-1.34566670243739
1,7.83,7.67,7.33,7.33,9.33,81.83,82.4783996262785,-0.648399626278495
1,7.83,7.33,7.25,7.58,10,81.83,81.6720834966071,0.157916503392924
1,7.33,7.33,7.25,7.5,10,81.83,80.7608777297428,1.06912227025716
1,7.33,7.67,7.25,7.5,10,81.83,81.7361474100519,0.0938525899480737
1,7.58,7.5,7.17,7.58,10,81.83,81.5509361662354,0.279063833764638
1,7.25,7.58,7.83,7.67,10,81.83,83.1680037721926,-1.33800377219262
1,7.5,7.5,7.25,7.42,10,81.75,81.3938813867986,0.356118613201393
1,7,7.08,7.33,7.5,10,81.75,79.7379031866154,2.01209681338463
1,7.42,7.42,7.42,7.42,10,81.75,81.4941410947085,0.255858905291497
1,7.17,7.25,7.17,7.25,10,81.75,79.6810567959926,2.06894320400738
1,7.5,7.5,7.33,7.42,10,81.75,81.6084193096512,0.141580690348815
1,7.42,7.5,7.17,7.67,10,81.75,81.4366767781807,0.313323221819307
1,7.42,7.5,7.33,7.58,10,81.75,81.7276956934294,0.0223043065706374
1,7.33,7.42,7.33,7.67,10,81.75,81.4943494758271,0.255650524172929
1,7.5,7.42,7.25,7.33,10,81.75,81.0263492374459,0.723650762554134
1,7.33,7.42,7.33,7.33,10,81.75,80.9728010718803,0.777198928119656
1,7.42,7.58,6.92,7.08,10,81.75,80.0906811107257,1.65931888927433
1,7.42,7.5,7.25,7.5,10,81.67,81.3904404990599,0.279559500940095
1,7.42,7.42,7.08,7.42,10,81.67,80.582354922585,1.08764507741495
1,7.42,7.33,7.17,7.67,10,81.67,80.9490419380262,0.72095806197385
1,7.58,7.5,7.33,7.33,10,81.67,81.5965205384503,0.0734794615497264
1,7.17,7.33,7.33,7.42,10,81.67,80.6003820625674,1.06961793743261
1,7.58,7.5,7.25,7.25,10,81.67,81.2592653440808,0.410734655919182
1,7.75,7.75,7.75,7.67,10,81.67,84.2295891848419,-2.55958918484193
1,7.25,7.75,6.92,7.42,10,81.67,80.8317782664088,0.838221733591161
1,7.42,7.33,7.25,7.42,10,81.67,80.7800883873885,0.889911612611512
1,7.33,7.33,7.5,7.25,10,81.67,81.0478172651669,0.622182734833093
1,7.25,7.42,7.25,7.5,10,81.67,80.8928791917455,0.777120808254449
1,7.17,7.42,7.33,7.42,10,81.67,80.8585416838257,0.811458316174325
1,7.5,7.33,7.5,7.5,10,81.67,81.6993948270753,-0.029394827075248
1,7.5,7.17,7.17,7.17,10,81.67,79.8492667125087,1.82073328749126
1,7.42,7.42,7.67,8,10,81.67,83.0542723221202,-1.38427232212017
1,7.5,7.5,7.5,7.25,10,81.67,81.8035381937396,-0.133538193739548
1,7.58,7.42,7.33,7.42,10,81.67,81.5051022500105,0.164897749989495
1,7.5,7.42,7.08,7.58,10,81.67,80.9539476248744,0.716052375125623
1,7.5,7.67,7.33,7.33,10,81.67,81.9579972193492,-0.287997219349237
1,7.25,7.67,7.58,7.67,10,81.67,82.7557323845366,-1.08573238453659
1,7.67,7.25,7.17,7.75,10,81.67,81.2365282383204,0.43347176167955
1,7.5,7.42,7.33,7.42,10,81.67,81.3789440907549,0.291055909245071
1,7.58,7.42,7.25,7.58,10,81.67,81.5359988701917,0.134001129808318
1,7.75,7.58,7.25,7.17,10,81.67,81.6341093798783,0.035890620121704
1,7.42,7.33,7.33,7.33,10,81.67,80.8565693797846,0.81343062021542
1,7.5,7.42,7.08,7.42,10,81.58,80.7085130818406,0.871486918159374
1,7.42,7.42,7.08,7.5,10,81.58,80.7050721941019,0.874927805898074
1,7.42,7.42,7.25,7.67,10,81.58,81.421739482137,0.158260517862982
1,7.58,7.42,7.5,7.17,10,81.58,81.577503862582,0.00249613741800404
1,7.42,7.42,7.33,7.42,10,81.58,81.2527859314994,0.327214068500645
1,7.42,7.42,7.17,7.58,10,81.58,81.069144628828,0.510855371172047
1,7.33,7.17,7.08,7.08,9.33,81.58,79.201768530425,2.378231469575
1,7.42,7.42,7.33,7.33,10,81.58,81.1147290010429,0.465270998957131
1,7.42,7.33,7.17,7.58,10,81.58,80.8109850075697,0.769014992430333
1,7.67,7.5,7.42,7.5,10,81.58,82.2405778327953,-0.660577832795314
1,7.33,7.5,7.25,7.5,10,81.58,81.2485125698974,0.331487430102614
1,7.67,7.58,7.42,7.58,8.67,81.58,82.5927703232084,-1.01277032320845
1,7.08,7.33,7.58,7.58,10,81.58,81.3743196853529,0.205680314647071
1,7.33,7.33,7.17,7.5,10,81.58,80.5463398068903,1.03366019310973
1,7.25,7.17,7.33,7.33,10,81.58,80.129532853574,1.45046714642603
1,7.67,7.58,7.17,7.42,10,81.5,81.6769047712604,-0.176904771260384
1,7.5,7.42,7.33,7.33,10,81.5,81.2408871602984,0.259112839701556
1,7.5,7.5,7.33,7.42,10,81.5,81.6084193096512,-0.108419309651185
1,7.5,7.42,7.25,7.25,10,81.5,80.903631965929,0.596368034071012
1,7.5,7.42,7.33,7.08,10,81.5,80.8573956868082,0.642604313191797
1,7.25,7.42,7.25,7.5,10,81.5,80.8928791917455,0.607120808254447
1,7.83,7.33,7.08,7.08,10,81.5,80.4492074635649,1.05079253643514
1,7.67,7.42,6.92,7.5,10,81.5,80.6702405960704,0.829759403929555
1,7.5,7.42,7.17,7.58,10,81.5,81.1953027880835,0.304697211916472
1,7.42,7.33,7.67,7.33,9.33,81.5,81.768355551908,-0.268355551908037
1,7.58,7.5,7.5,7.67,9.33,81.5,82.5739620284587,-1.07396202845873
1,7.42,7.33,7.25,7.42,10,81.5,80.7800883873885,0.719911612611511
1,7.5,7.42,7.25,7.25,10,81.5,80.903631965929,0.596368034071012
1,7.33,7.33,7.17,7.42,10,81.5,80.4236225353734,1.07637746462661
1,7.58,7.42,7.25,7.42,10,81.5,81.2905643271579,0.209435672842071
1,7.42,7.25,7.17,7.42,10,81.5,80.3360752456397,1.16392475436034
1,7.33,7.5,7.33,7.33,10,81.5,81.2022762907766,0.297723709223402
1,7.42,7.42,7.33,7.17,10,81.5,80.8692944580091,0.630705541990887
1,7.5,7.5,7.25,7.5,10,81.5,81.5165986583155,-0.0165986583154841
1,7.75,7.17,7.17,7.33,10,81.5,80.4889455032162,1.01105449678383
1,7.5,7.42,7.17,7.42,10,81.5,80.9498682450498,0.550131754950226
1,7.33,7.5,7.33,7.42,10,81.5,81.3403332212331,0.159666778766915
1,7.42,7.42,7.17,7.42,10,81.5,80.8237100857942,0.676289914205803
1,7.33,7.33,7.33,7.5,10,81.5,80.9754156525954,0.524584347404578
1,7.58,7.33,7.08,7.33,10,81.42,80.4384546893814,0.981545310618573
1,7.42,7.33,7.08,7.58,10,81.42,80.5696298443605,0.850370155639486
1,7.33,7.5,7.5,7.33,10,81.42,81.6581693768383,-0.238169376838325
1,7.5,7.33,7.17,7.25,10,81.42,80.4309344218181,0.989065578181878
1,7.83,7.75,7.42,7.17,10,81.42,82.7037954653501,-1.28379546535014
1,7.58,7.17,7.33,7.42,10,81.42,80.7879921909597,0.63200780904029
1,7.25,7.5,7.42,7.17,10,81.42,81.0720387516964,0.347961248303585
1,7.42,7.5,7.17,7.42,10,81.42,81.0531853046905,0.36681469530955
1,7.67,7.33,7.25,7.17,10,81.42,80.7908411615719,0.629158838428076
1,7.42,7.42,7.17,7.33,10,81.42,80.6856531553377,0.734346844662291
1,7.42,7.33,7.25,7.42,10,81.42,80.7800883873885,0.639911612611512
1,7.42,7.33,7.25,7.17,10,81.42,80.3965969138983,1.02340308610175
1,7.42,7.42,7.25,7.25,10,81.42,80.7774738066734,0.64252619332659
1,7.5,7.42,7.25,7.17,10,81.42,80.7809146944121,0.63908530558789
1,7.75,7.33,7.42,7,10,81.42,81.1121182049159,0.307881795084135
1,7.83,7,7,7.58,10,81.42,80.0550672097457,1.36493279025428
1,7.5,7.33,7.33,7.17,10,81.33,80.7372929960064,0.592707003993595
1,7.5,7.5,7,7.17,10,81.33,80.3399589043941,0.990041095605939
1,7.67,7.42,7,7.42,10,81.33,80.7620612474062,0.567938752593852
1,7.25,7.33,7.33,7.33,10,81.33,80.5884832913665,0.741516708633517
1,7.58,7.42,7.17,7.42,10,81.33,81.0760264043054,0.253973595694648
1,7.17,7.33,7.42,7.25,10,81.33,80.5809630238032,0.749036976196822
1,7.08,7.33,7.42,7.33,10,81.33,80.5617523661575,0.768247633842468
1,7.75,7.33,7.08,7.33,10,81.33,80.7065407777995,0.62345922220047
1,7.33,7.33,7.17,7.33,10,81.33,80.2855656049169,1.0444343950831
1,7.58,7.42,7.25,7.33,10,81.33,81.1525073967014,0.177492603298556
1,7.33,7.25,7.17,7.42,10,81.33,80.1941473164771,1.13585268352286
1,7.5,7.58,7.5,7.5,9.33,81.33,82.416504886126,-1.08650488612605
1,7.83,7.75,7.67,7.83,10,81.25,84.3866439642787,-3.13664396427869
1,7.17,7.42,7.17,7.08,10,81.25,79.9079174341738,1.34208256582621
1,7.08,7.5,7.33,7.17,10,81.25,80.5625975000692,0.687402499930833
1,7.42,7.17,7.17,7.5,10,81.25,80.2293172982603,1.02068270173972
1,7.33,7.42,7.17,7.25,10,81.25,80.4210079546583,0.82899204534169
1,7.33,7.17,7.17,7.5,10,81.25,80.0873893690977,1.16261063090224
1,7.5,7.5,7.25,7.25,10,81.25,81.1331071848252,0.116892815174757
1,7.5,7.33,7.5,7.58,10,81.25,81.8221120985921,-0.572112098592127
1,7.42,7.42,7.33,7.33,10,81.25,81.1147290010429,0.135270998957133
1,7.33,7.5,7.17,7.17,10,81.17,80.5277659020377,0.642234097962314
1,7.67,7.17,7.17,7.33,10,81.17,80.3627873439606,0.807212656039409
1,7.75,7.58,7.08,7.25,10,81.17,81.3009335653335,-0.130933565333445
1,7.5,7.5,7.33,7.17,10,81.17,81.2249278361609,-0.0549278361609424
1,7.42,7.33,7,7.42,10,81.17,80.1096573784742,1.06034262152582
1,6.83,7.42,7.42,7.17,10,81.17,80.1802331967084,0.989766803291616
1,7.25,7.25,7.25,7.08,10,81.17,79.7609786761274,1.40902132387259
1,7.58,7.17,7.17,7.33,10,81.17,80.2208594147981,0.949140585201933
1,7.58,7.25,7.33,7.08,10,81.17,80.4959190059092,0.674080994090763
1,7.33,7.08,7.33,7.25,10,81.17,79.8748141200544,1.29518587994562
1,7.42,7.42,7.17,7.42,10,81.17,80.8237100857942,0.346289914205804
1,7.42,7.25,7.08,7.75,10,81.17,80.6009288274376,0.569071172562377
1,7.42,7.25,7.33,7.25,10,81.17,80.5043768893714,0.665623110628552
1,7.42,7.33,7.25,7.42,10,81.17,80.7800883873885,0.389911612611512
1,7.25,7.75,7.67,7.67,10,81.17,83.226562766642,-2.056562766642
1,7.42,7.33,7.17,7.33,10,81.08,80.4274935340794,0.652506465920573
1,7.58,7.42,7.5,7.25,9.33,81.08,81.7002211340989,-0.620221134098873
1,7.33,7.33,7.33,7.42,10,81.08,80.8526983810785,0.227301618921454
1,7.42,7.17,7.33,7.42,10,81.08,80.5356758724486,0.54432412755144
1,7.42,7.33,7.33,7.25,10,81.08,80.7338521082677,0.346147891732294
1,7.42,7.25,7.17,7.25,10,81.08,80.0753010436663,1.00469895633371
1,7.67,7.75,7.67,7.58,10,81.08,83.7508361722773,-2.67083617227729
1,7.25,7.42,7.33,7.33,10,81.08,80.8466429126248,0.233357087375231
1,7.33,7.25,7.33,7.42,10,81.08,80.6232231621823,0.456776837817709
1,7.33,7.33,7.25,7.42,10,81.08,80.638160458226,0.441839541774032
1,7.42,7.33,7.25,7.42,10,81.08,80.7800883873885,0.299911612611509
1,7.42,7.42,7.25,7.58,10,81.08,81.2836825516805,-0.203682551680532
1,7.25,7.25,7.17,7.5,10,81,80.1907064287384,0.809293571261567
1,7.42,7.08,7.08,7.33,10,81,79.4690283118195,1.53097168818052
1,7.33,7.17,7.17,7.67,10,81,80.3481635710711,0.65183642892888
1,7.42,7.25,7.17,7.5,10,81,80.4587925171565,0.541207482843466
1,7.67,7.5,7.42,5.25,10,81,78.7891545713832,2.21084542861686
1,7.5,7.25,7,7.25,10,81,79.7455661168601,1.25443388313986
1,7.25,7.17,7.17,7.25,10,81,79.5777397363519,1.42226026364806
1,7.42,7.25,7.25,7.33,10,81,80.4125562380357,0.587443761964252
1,7.67,7.75,7.83,7.75,10,81,84.4406862199558,-3.44068621995581
1,7.33,7.33,7.08,7.42,10,81,80.1822673721642,0.817732627835762
1,7.33,6.92,7.17,7.33,10,81,79.1095051080736,1.8904948919264
1,7.5,6.92,7.33,7.33,10,81,79.8066670421968,1.19333295780315
1,7.33,7.42,7.25,7.42,10,81,80.8963200794843,0.103679920515748
1,7.08,7.33,7.33,7.33,10,81,80.3203972029484,0.679602797051619
1,7.58,7.67,7.5,7.67,10,81,83.0615968686133,-2.06159686861327
1,7.33,7.17,7.25,7.33,10,80.92,80.041153089977,0.878846910023032
1,7.67,7.67,7.33,7.58,9.33,80.92,82.6095747812576,-1.68957478125758
1,7.17,7.58,7.5,7.5,10,80.92,81.8961024791968,-0.976102479196789
1,7.5,7.33,7.17,7.42,10,80.92,80.6917086237915,0.228291376208514
1,7.17,7.42,7,7.58,10,80.92,80.2190072950926,0.700992704907455
1,7.42,7.08,7.17,7.17,10,80.92,79.4649489319949,1.45505106800513
1,7.33,7.17,7.17,7.25,10,80.92,79.7038978956075,1.21610210439249
1,7.25,7.33,7.25,7.25,10,80.92,80.251228096997,0.668771903002976
1,7.92,7.67,7.33,7.08,10,80.92,82.2368360819508,-1.31683608195077
1,7.17,7.42,7.17,7.25,10,80.92,80.1686916361472,0.751308363852845
1,7.33,7.08,7.25,7,10,80.92,79.2767847237116,1.64321527628844
1,7.58,7.42,6.92,7.5,10,80.92,80.5283126669079,0.39168733309208
1,7.42,7.25,7.25,7.25,10,80.92,80.2898389665189,0.630161033481131
1,7.25,7.17,7.08,7.08,10,80.92,79.0756103711694,1.84438962883058
1,7.42,7.25,7.25,7.25,10,80.92,80.2898389665189,0.630161033481131
1,7.58,7.33,7.08,7.5,10,80.92,80.6992288913548,0.220771108645209
1,7.67,7.58,7.33,7.33,10,80.92,81.9679236865091,-1.04792368650905
1,7.42,7.33,7.17,7.17,10,80.83,80.1820589910457,0.647941008954328
1,7.67,7.25,7.08,7.33,10,80.83,80.3509073996477,0.479092600352301
1,7.17,7.08,7.25,7.42,10,80.83,79.668734080664,1.16126591933598
1,7.33,7.25,7.33,7.33,10,80.83,80.4851662317258,0.344833768274195
1,7.5,7.17,7.33,7.25,10,80.83,80.4010598297308,0.428940170269227
1,7.42,7.33,7,7.25,10,80.83,79.8488831765008,0.981116823499179
1,7.33,7.33,7,6.83,10,80.83,79.0626895718747,1.76731042812531
1,7.17,7.25,7.08,7.17,10,80.75,79.3169843612666,1.43301563873341
1,6.92,7.5,7,7.58,10,80.75,80.0542382663151,0.695761733684875
1,7.5,7.33,7,7.42,10,80.75,80.2358155377298,0.51418446227024
1,7.25,7.25,7.17,7.25,10,80.75,79.8072149552482,0.942785044751807
1,7.5,7.33,7,7.42,10,80.75,80.2358155377298,0.51418446227024
1,7.25,7.33,7.17,7.33,10,80.75,80.1594074456613,0.590592554338675
1,7.42,7.17,7.08,7.42,10,80.75,79.8652448635343,0.884755136465748
1,7.25,7.33,7.08,7.5,10,80.75,80.1788264844255,0.571173515574461
1,7.33,7.33,7.25,7.25,10,80.75,80.3773862562526,0.372613743747398
1,7.58,7.33,7.42,7.25,10,80.75,81.227523589988,-0.477523589988008
1,7.42,7,7.42,7.25,10,80.75,80.0286219935298,0.721378006470196
1,7.08,7.33,7.17,7.25,10,80.75,79.7686040857264,0.981395914273653
1,7.33,7.08,7.08,7.08,10,80.67,78.9436089091667,1.72639109083329
1,7.58,7.42,7,7.67,10,80.67,81.0036247917339,-0.333624791733862
1,7.67,7.42,6.83,7.17,10,80.67,79.9226766878542,0.747323312145824
1,7.83,7.5,7.67,7.67,10,80.67,83.4240993621941,-2.75409936219413
1,7.5,7.25,7.17,7.17,10,80.67,80.078741931405,0.591258068595009
1,7.25,7.17,7.17,7.25,10,80.67,79.5777397363519,1.09226026364806
1,7.67,7.5,7.42,7.67,6.67,80.67,82.5013520347687,-1.83135203476867
1,7.67,7.17,7,7.5,10,80.67,80.1676684598722,0.502331540127773
1,7,7.33,7.5,7.33,10,80.67,80.6501321297545,0.0198678702454693
1,7,7.5,7.33,7.17,10,80.67,80.4364393408136,0.233560659186411
1,7.17,7.25,7.08,7.42,10,80.67,79.7004758347568,0.969524165243172
1,7.33,7.25,7.33,7.08,10,80.58,80.1016747582356,0.478325241764436
1,7.08,7.5,7,7.25,10,80.58,79.8003458398192,0.779654160180839
1,7.25,7.08,7.08,7.33,10,80.58,79.2009422234014,1.37905777659862
1,7.42,7.25,7.33,7,10,80.58,80.1208854158812,0.45911458411879
1,7.5,7.17,7,7.42,10,80.58,79.7768650999373,0.803134900062747
1,7.17,7.42,6.83,7.5,10,80.58,79.6403969375139,0.939603062486057
1,7.42,7.58,7.5,7.92,9.33,80.58,82.9346124023341,-2.35461240233407
1,7.08,7.25,7,7.5,10,80.58,79.4667272542586,1.11327274574139
1,7.17,7.17,7.17,7.42,10,80.5,79.7123557790697,0.787644220930275
1,7.33,7.25,7.08,7.17,10,80.5,79.5693006797777,0.930699320222258
1,7.58,7.33,7,7.17,10,80.5,79.9784822234951,0.521517776504904
1,7.25,7.25,7.17,7.17,10,80.5,79.6844976837313,0.815502316268685
1,7.25,7.33,7.17,7.5,10,80.5,80.4201816476347,0.0798183523653117
1,7.17,7.33,7.17,7.42,10,80.5,80.1713062168622,0.328693783137766
1,7.5,7.17,6.83,7.5,10,80.5,79.4436892853924,1.0563107146076
1,7.42,7.42,7.08,7.33,10,80.5,80.4442979921286,0.0557020078714391
1,7.42,7.33,7.33,7.58,10,80.5,81.2400608532748,-0.740060853274822
1,7.5,7.5,7,7.67,10,80.5,81.1069418513745,-0.606941851374542
1,7.25,7.25,7.08,7.33,10,80.5,79.6885770635559,0.81142293644408
1,7.25,7.42,7,7.42,10,80.42,80.0997309113144,0.320269088685633
1,7.58,7.17,7.17,7.17,10,80.42,79.9754248717643,0.444575128235688
1,7.33,7.17,7.08,7.08,10,80.42,79.201768530425,1.218231469575
1,7.25,7.08,7.25,7.17,10,80.42,79.4114007664294,1.00859923357065
1,7.25,7.25,7.17,7.25,10,80.42,79.8072149552482,0.612785044751809
1,6.92,7.17,7.08,7.5,10,80.42,79.1994736397038,1.22052636029623
1,7.42,7.08,7.08,7.33,10,80.42,79.4690283118195,0.950971688180522
1,7.08,7.25,7.17,7.33,10,80.33,79.661846138347,0.668153861653029
1,7.25,7.17,7,7.25,10,80.33,79.1218466502902,1.20815334970979
1,7.25,7.17,7.25,7.25,10,80.33,79.7922776592045,0.537722340795482
1,7.25,7.25,7.08,7.25,10,80.33,79.565859792039,0.764140207960955
1,7.33,7.33,6.83,7.5,10,80.33,79.6345536347668,0.695446365233189
1,7.25,7.08,7.08,7.33,10,80.33,79.2009422234014,1.12905777659862
1,7.17,7.5,6.92,7.33,10,80.33,79.850453117646,0.479546882354016
1,7.25,7.25,7.25,7.33,10,80.33,80.1444701496176,0.18552985038235
1,7.17,7.33,7.42,7.08,10,80.25,80.3201888218298,-0.0701888218298131
1,7.25,7.25,7,7,10,80.25,78.9678303956962,1.28216960430378
1,7.25,7.17,7,7.33,10,80.25,79.2445639218071,1.00543607819291
1,8,7.08,7,7.33,10,80.25,80.1691370435698,0.0808629564301671
1,7.42,7,7.08,7,10,80.25,78.7333443479161,1.51665565208389
1,7.08,6.92,7,7.25,10,80.25,78.1366505028213,2.11334949717869
1,7.5,7.08,7.67,7.67,9.33,80.25,81.6989520560595,-1.44895205605955
1,7.42,8,7.83,7.75,8.67,80.25,84.7635520313329,-4.51355203133293
1,7.25,7.08,7.25,7.25,10,80.25,79.5341180379462,0.71588196205377
1,7,7.17,7.33,7.33,10,80.25,79.7352886059003,0.514711394099705
1,7.58,7.33,7.17,7.25,10,80.25,80.5570925810737,-0.307092581073701
1,7.42,7.25,7.25,7.58,10,80.17,80.796047711526,-0.626047711525987
1,7.17,7.08,7.08,7.33,10,80.17,79.0747840641458,1.0952159358542
1,7.25,7.25,7,7.17,10,80.17,79.2286045976696,0.941395402330414
1,7.33,7.33,7,7.17,10,80.17,79.5842379758214,0.585762024178583
1,7.33,7.08,6.92,7.42,10,80.17,79.0360814674083,1.13391853259172
1,7.58,7.42,7.33,7.5,10,80.17,81.6278195215274,-1.45781952152738
1,7.33,7.33,7.17,7.08,10,80.17,79.9020741314267,0.267925868573341
1,7.33,7.33,7,7.33,10,80.17,79.8296725188552,0.340327481144828
1,7.58,7.5,7.33,7.33,9.33,80.17,81.5965205384503,-1.42652053845027
1,7.17,7.17,7,7.17,10,80.08,78.8729712195178,1.20702878048224
1,7.42,7.25,7.25,7.17,10,80.08,80.167121695002,-0.0871216950019956
1,7.25,7.17,6.92,7.25,10,80.08,78.9073087274376,1.17269127256237
1,7.25,7.25,7.25,7.25,10,80.08,80.0217528781008,0.0582471218992274
1,7.25,7.25,7.25,7,10,80.08,79.6382614046105,0.441738595389468
1,7.25,7.25,7.25,7.08,10,80.08,79.7609786761274,0.319021323872591
1,7.33,7.17,7.25,7.08,10,80.08,79.6576616164867,0.422338383513269
1,7.25,7.08,7,7.17,10,80.08,78.740969757515,1.33903024248495
1,7.33,7.08,6.92,7.08,10,80,78.5145330634616,1.48546693653844
1,7.17,7.33,7,7.42,10,80,79.7154131308005,0.284586869199494
1,7.58,7.75,7.42,7.5,10,80,82.8157599626836,-2.81575996268358
1,7.25,7.25,7.25,7,10,80,79.6382614046105,0.36173859538947
1,7.33,6.67,7.08,7.42,10,80,78.2890968162701,1.71090318372986
1,7.25,7.25,7.08,7.17,10,80,79.4431425205222,0.556857479477834
1,7.08,7.33,7,7.33,10,80,79.4354282711815,0.564571728818504
1,7.42,7.42,7.5,7.92,8.67,80,82.4756619645416,-2.47566196454156
1,7.83,7.67,7.58,7.75,10,79.92,83.7930963106564,-3.8730963106564
1,7.5,7,7,6.92,10,79.92,78.5222473128022,1.39775268719777
1,7.33,7.08,7.08,7.33,10,79.92,79.327100382657,0.592899617343045
1,7.17,7.17,6.92,7.25,10,79.92,78.7811505681821,1.13884943181795
1,7.5,7.17,7,7.17,10,79.92,79.393373626447,0.526626373552992
1,7.17,7.08,7.08,7.08,10,79.92,78.6912925906556,1.22870740934444
1,7.33,7.25,7,7.42,10,79.92,79.7382542304154,0.181745769584596
1,7.17,7.33,7.08,7.58,10,79.92,80.1753855966868,-0.255385596686837
1,7.5,7.42,7.58,7.42,10,79.92,82.0493750996692,-2.12937509966924
1,7,7.08,7,7.17,10,79.83,78.3467255098414,1.48327449015863
1,7.33,7.25,6.92,7.33,10,79.83,79.3856593771063,0.444340622893658
1,6.83,7.17,7.17,6.92,10,79.83,78.409200655253,1.42079934474696
1,7.17,7.08,7,7.25,10,79.83,78.7375288697763,1.09247113022365
1,7.58,7.08,6.83,7.17,10,79.83,78.8054790783826,1.02452092161743
1,7.5,7.42,7.25,7.58,9.33,79.75,81.4098407109361,-1.65984071093611
1,7.75,7.33,7.17,7.33,8.67,79.75,80.9478959410087,-1.19789594100868
1,7.08,7.08,7.25,7,10,79.75,78.8825404760379,0.867459523962111
1,7.25,7.08,6.92,7.5,10,79.75,79.0326405796696,0.717359420330413
1,7,7.08,7,7.25,10,79.75,78.4694427813583,1.28055721864175
1,7.58,7.5,7.67,7.75,10,79.75,83.1525723860373,-3.40257238603734
1,7.58,7.08,7,7,10,79.75,79.0005979624709,0.749402037529063
1,7.58,7.08,6.92,7.58,10,79.75,79.6757602581157,0.0742397418842822
1,7.25,7.08,7,7.17,10,79.75,78.740969757515,1.00903024248495
1,7.25,7.17,7.17,7.08,10,79.75,79.3169655343786,0.433034465621426
1,7.33,7.25,7,7.08,10,79.75,79.2167058264687,0.533294173531322
1,7.58,7.33,7.5,7.33,9.33,79.75,81.5647787843575,-1.81477878435746
1,7.25,6.83,6.92,7.08,10,79.75,77.6712648451552,2.07873515484481
1,7.42,7.42,7.25,7.58,9.33,79.67,81.2836825516805,-1.61368255168053
1,7.25,7.08,7,6.83,10,79.67,78.2194213535683,1.45057864643168
1,6.92,7.17,6.83,7.42,10,79.67,78.4063253592726,1.26367464072741
1,7.5,7,6.83,7.08,10,79.67,78.3117887697743,1.35821123022575
1,7.42,7.25,6.83,7.58,10,79.67,79.66972361655,0.000276383450046623
1,7.33,7.17,7,6.75,10,79.67,78.4810218625653,1.1889781374347
1,6.92,7.17,7.17,7.17,10,79.67,78.9346200579058,0.735379942094195
1,7.17,7.17,7,7,10,79.67,78.6121970175444,1.05780298245561
1,7.08,7,6.92,7.33,10,79.58,78.2743050703819,1.30569492961813
1,7.25,6.92,6.92,7.33,10,79.58,78.3129159399037,1.26708406009628
1,7.25,7.17,7,6.75,10,79.58,78.3548637033097,1.22513629669027
1,7.08,7,6.83,7.33,10,79.58,78.0329499071727,1.54705009282728
1,6.92,6.92,7,7.42,10,79.5,78.1451083862835,1.35489161371648
1,6.92,7,7.17,7,10,79.5,78.1862110157779,1.3137889842221
1,7.83,7.5,7.42,7.42,10,79.5,82.3701768797896,-2.87017687978959
1,7.25,7.08,6.92,7.25,10,79.5,78.6491491061794,0.850850893820654
1,7.25,7.33,7,7.25,10,79.5,79.5807970880827,-0.0807970880827195
1,7.08,7.33,7.25,7.58,9.33,79.42,80.489350753586,-1.06935075358604
1,7.25,7.33,6.83,7,10,79.42,78.7414125285307,0.678587471469251
1,7,6.83,6.83,7.42,10,79.42,77.5572138382191,1.86278616178091
1,7.42,7.25,6.83,7,10,79.33,78.7800233980526,0.549976601947402
1,7.42,7.25,6.75,7.25,10,79.33,78.9489769486903,0.38102305130974
1,7,7,6.83,7.33,10,79.33,77.9067917479171,1.42320825208286
1,7.42,7.17,7.08,7.17,10,79.33,79.481753390044,-0.151753390044013
1,7.17,6.5,6.33,7.25,10,79.33,75.2770784288882,4.05292157111184
1,7.08,6.83,6.83,7.25,10,79.25,77.4225977955013,1.8274022044987
1,7,7,6.92,7.17,10,79.25,77.9027123680925,1.34728763190746
1,7.33,7.42,7.33,7.42,9.33,79.17,81.1108580023368,-1.94085800233683
1,7.58,7,6.75,6.92,10,79.17,77.9779744631435,1.1920255368565
1,7.08,7,6.92,7.42,10,79.17,78.4123620008384,0.757637999161647
1,7.25,7.17,6.75,7.25,10,79.17,78.4514156413759,0.718584358624098
1,7.17,7.42,7.5,8,6.67,79.17,82.2041349883848,-3.03413498838476
1,7.25,7.08,6.92,7.08,10,79.17,78.388374904206,0.781625095794019
1,7.17,6.92,6.92,7.08,10,79.17,77.8032663071579,1.36673369284211
1,6.75,6.75,6.83,7.25,10,79.17,76.6727201696758,2.49727983032421
1,7.58,7.67,7.42,7.42,8.67,79.08,82.4635674722705,-3.38356747227045
1,7.42,7.08,6.75,7.33,10,79.08,78.5840593800526,0.495940619947403
1,7.33,7,6.92,7.25,10,79.08,78.5458320465387,0.53416795346133
1,7.25,7.08,6.75,7.33,10,79.08,78.3159732916345,0.764026708365503
1,7.17,7.25,7.25,7.17,10,79.08,79.7728774473283,-0.692877447328318
1,6.75,6.75,6.42,6.83,10,79.08,74.9289476395927,4.15105236040727
1,7.33,7.17,6.58,7.42,10,79,78.3824549165431,0.617545083456883
1,7,7,7,7,10,79,77.8564760889717,1.14352391102825
1,7.67,7.17,7.08,7.25,9.33,79,79.9987149092346,-0.998714909234566
1,6.75,7.08,6.67,7.25,10,79,77.1902296019177,1.80977039808231
1,7.5,7.17,6.92,7.5,10,79,79.6850444486015,-0.68504444860155
1,7.17,6.83,6.83,7.25,10,79,77.5645257246638,1.43547427533618
1,7.33,7,6.75,7.08,10,78.92,77.8291647585036,1.09083524149642
1,7.5,7,6.92,7.08,10,78.92,78.5531439329834,0.366856067016597
1,7.17,7,6.92,7,10,78.83,77.9100242545373,0.919975745462725
1,7.5,6.92,6.92,7.25,9.33,78.75,78.5844429160605,0.165557083939486
1,7.33,7.08,6.33,7.25,10,78.75,77.1930900843972,1.55690991560284
1,7.25,6.83,6.83,7,10,78.75,77.3071924104292,1.44280758957084
1,7.25,7.33,7.17,7.25,10,78.75,80.0366901741445,-1.28669017414445
1,7.67,7.17,6.83,7.33,8.67,78.75,79.4510011718371,-0.701001171837137
1,7,6.92,6.83,7.17,9.33,78.67,77.4318819859871,1.23811801401287
1,6.92,6.92,6.67,7.25,10,78.67,76.9993652525433,1.67063474745673
1,7.08,7,6.75,6.83,10,78.58,77.0514290373397,1.52857096266034
1,6.83,7.08,6.92,6.75,10,78.58,77.2198358231071,1.36016417689291
1,7.33,7.17,6.92,7.58,10,78.58,79.5396756317003,-0.959675631700329
1,6.83,6.75,7.17,7.25,10,78.58,77.7106645010548,0.869335498945173
1,7,7,6.75,7.33,10,78.58,77.6922538250646,0.887746174935435
1,7.92,7.58,7.58,7.92,10,78.58,83.937638820534,-5.35763882053401
1,7.92,6.83,7.08,7.42,10,78.58,79.6784636785725,-1.09846367857253
1,7.25,6.75,6.92,6.92,10,78.5,77.1963550832252,1.30364491677482
1,7.08,6.83,6.83,7,10,78.5,77.0391063220111,1.46089367798894
1,7.25,7.17,7,6.83,10,78.5,78.4775809748266,0.0224190251733946
1,6.83,7,6.92,7.08,10,78.42,77.4965693492179,0.923430650782051
1,7.58,7.17,7,7.17,10,78.42,79.5195317857026,-1.09953178570258
1,7.5,7.75,7.58,7.83,8.67,78.33,83.6248863941403,-5.29488639414028
1,7.17,6.5,6.67,7,10,78.33,75.8053731275214,2.52462687247862
1,7.17,7.17,6.5,7.17,10,78.33,77.5321092016891,0.797890798310855
1,7.25,7.25,7,7.5,10,78.33,79.7348133426767,-1.40481334267671
1,7.17,6.08,6.17,7.25,10,78.33,73.6432576839777,4.68674231602233
1,7.5,7.5,7.33,7.58,8.67,78.25,81.8538538526849,-3.60385385268494
1,7.42,7.33,7.33,7.5,9.33,78.25,81.117343581758,-2.86734358175794
1,6.92,6.83,6.92,6.92,10,78.17,76.9054278951922,1.26457210480782
1,7.08,6.83,6.67,7.25,10,78.08,76.9935219497961,1.08647805020385
1,7.5,7.08,7.33,7.17,10,78,80.0201829369556,-2.02018293695561
1,6.83,7,6.67,7,10,78,76.7034210687868,1.29657893121323
1,7.58,7.33,7.5,7.42,9.33,78,81.7028357148139,-3.70283571481395
1,7.42,7.25,6.83,7.33,9.33,78,79.2862321430597,-1.28623214305971
1,7.33,7.17,6.92,7.08,9.33,78,78.7726926847198,-0.772692684719845
1,7,6.83,6.83,7.17,10,78,77.1737223647288,0.826277635271153
1,7.25,7.33,7,7,8,78,79.1973056145925,-1.19730561459248
1,7.42,7.17,7,7.17,9.33,78,79.2672154671914,-1.26721546719143
1,7.5,7.25,7.42,7,10,77.92,80.4883987383459,-2.56839873834593
1,7.42,7.25,7,7,10,77.92,79.2359164841143,-1.31591648411432
1,7.17,6.17,6.17,7.08,10,77.92,73.6406431032626,4.27935689673741
1,7.42,7,7,7.17,10,77.83,78.7795806270369,-0.949580627036895
1,7,6.75,6.67,6.83,10,77.83,75.9936228961807,1.83637710381929
1,7,6.83,6.67,7.17,10,77.83,76.7446465190237,1.08535348097631
1,7.17,6.75,6.58,7.33,10,77.67,76.7873367683701,0.882663231629861
1,7.58,7.67,7.58,7.67,6,77.58,83.2761347914659,-5.69613479146585
1,7.17,6.75,6.58,6.75,10,77.5,75.8976365498728,1.60236345012722
1,7.08,6.92,6.33,7,10,77.42,75.9564039254407,1.46359607455927
1,7.5,7.33,7.42,7.58,10,77.33,81.6075741757395,-4.27757417573955
1,7.33,7,6.83,7.17,9.33,77.33,78.1817596118126,-0.851759611812643
1,7.33,7,6.67,7,10,77.33,77.4919095641341,-0.161909564134123
1,6.83,6.83,6.83,6.75,10,77.25,76.2613706008471,0.988629399152858
1,7.08,6.92,6.83,6.67,10,77.25,76.7910571982622,0.458942801737772
1,7.08,7,7,7.25,10,77.17,78.3661257217176,-1.19612572171757
1,7.42,7.75,7.42,7.67,9.33,77,82.8242178461458,-5.82421784614579
1,7.67,7.33,7.17,6.67,6.67,76.83,79.8093202917389,-2.97932029173887
1,6.67,6.33,6.42,6.83,10,76.75,73.5980445811318,3.15195541886819
1,6.42,6.5,6.5,7.33,10,76.5,74.6729560434457,1.82704395655427
1,7.17,6.58,6.58,7,10,76.42,75.7934931832085,0.62650681679152
1,7.5,7,6.83,7.5,8.67,76.33,78.9560544452379,-2.62605444523786
1,6.17,6.5,6.5,7.17,10,76.33,74.0332772527383,2.2967227472617
1,7.25,7.08,6.83,7.17,9.33,76.25,78.2850766714533,-2.03507667145332
1,7.5,7.33,7.33,7.58,8,76.17,81.3662190125304,-5.1962190125304
1,7.42,7,6.83,7.08,10,76.17,78.1856306105187,-2.01563061051868
1,7.33,7,6.5,6.08,9.33,76.17,75.6247678556283,0.545232144371694
1,7.08,6.83,6.83,7.17,10,76.08,77.2998805239844,-1.21988052398443
1,6.83,6.83,6.67,6.83,10,76,75.9550120266589,0.044987973341137
1,6.83,6.5,6.5,6.92,9.33,75.83,74.6905905931066,1.13940940689343
1,7.17,7,6.83,7.5,10,75.67,78.4356520383086,-2.7656520383086
1,7.92,7.58,7.17,7.58,8,75.58,82.3165835619678,-6.73658356196782
1,6.67,6.5,6.33,7,10,75.58,74.1050984600506,1.47490153994943
1,7.5,7.25,6.92,7,10,75.5,79.1475367205173,-3.64753672051732
1,7.17,6.92,6.67,6.83,10,75.17,76.7493438247534,-1.57934382475335
1,7.25,6.83,6.67,7.08,10,75.17,77.0008338362409,-1.83083383624088
1,7.17,7.17,6.83,7.17,10,75.17,78.417078133456,-3.24707813345603
1,7,6.92,6.75,6.92,10,75,76.8338525896443,-1.83385258964431
1,7.08,6.75,6.58,7,10,74.92,76.1392000942005,-1.2192000942005
1,7.33,6.75,6.67,7.25,10,74.83,77.1582909785736,-2.32829097857357
1,6.75,6.5,6.17,7,10,74.75,73.802180773601,0.947819226399012
1,6.75,6.67,6.17,7.17,10,74.75,74.5505898157289,0.199410184271108
1,7.08,7,6.83,7.5,10,74.67,78.2937241091461,-3.62372410914608
1,7.5,7.25,7,7.25,6.67,74.42,79.7455661168601,-5.32556611686014
1,6.5,6.33,6.5,7.5,8.67,74.33,74.5722535645201,-0.242253564520139
1,7,6.58,6.67,6.83,10,74.33,75.5059880560262,-1.17598805602617
1,6.92,6.42,6.17,7.33,10,74,74.34700038813,-0.347000388129952
1,7.67,7,7.17,7.58,10,73.83,80.2586439772963,-6.4286439772963
1,7.17,7.17,7.17,7.58,6.67,73.67,79.9577903221035,-6.28779032210348
1,7.25,6.58,6.58,7,10,73.5,75.9196513424641,-2.41965134246406
1,7,7.17,6.83,7.17,8,73.42,78.1489920450379,-4.72899204503793
1,7.08,7.08,6.92,7.08,8,72.92,78.1202888157879,-5.20028881578788
1,8,7.33,7.75,7.33,6.67,72.83,82.8975401293635,-10.0675401293635
1,6.92,6.92,6.92,7.5,9.33,72.58,78.0532877349478,-5.47328773494783
1,6.92,6.75,7.08,7.17,8.67,72.33,77.4885199954913,-5.15851999549133
1,6.33,6.5,6.33,6.83,10,71.75,73.308152081241,-1.558152081241
1,6.92,6.92,6.92,6.92,10,71.08,77.1635875164505,-6.08358751645047
1,6.5,6.67,6.42,7.17,10,71,74.8267765769695,-3.82677657696952
1,6.92,7,6.83,6.92,10,70.75,77.1517075721376,-6.40170757213757
1,7,7,6.83,7,10,70.67,77.40058300291,-6.73058300291002
1,6.67,6.5,6.17,6.67,8,69.33,73.1698138693383,-3.8398138693383
1,7,6.17,6.17,6.67,8,69.17,72.7436309983205,-3.5736309983205
1,7,6.33,6.17,6.5,8,69.17,72.9418072341396,-3.77180723413964
1,7.08,6.83,6.25,7.42,10,68.33,76.1279720567935,-7.79797205679348
1,6.75,6.58,6.42,6.67,6,67.92,74.1958782564044,-6.27587825640443
1,7.25,6.58,6.33,6.25,6,63.08,74.098745913079,-11.018745913079
1,7.5,6.67,6.67,7.67,1.33,59.83,77.841167523559,-18.011167523559
1,0,0,0,0,0,0,17.2287259933592,-17.2287259933592
0,7.83,8.08,7.75,7.92,8,83.75,83.2724415756365,0.477558424363511
0,8,7.75,7.92,8,8,83.5,83.1725527436861,0.327447256313855
0,7.92,7.83,7.92,8,7.83,83.25,83.2758698033268,-0.0258698033268226
0,8,7.92,7.92,7.75,7.75,83,83.2766961103504,-0.276696110350444
0,8.33,7.83,7.83,7.75,7.58,83,83.2975837328123,-0.297583732812263
0,8,7.92,7.67,8,7.75,82.75,82.9897565749264,-0.239756574926379
0,7.67,7.75,7.83,7.83,8,82.58,82.1500209715744,0.429979028425621
0,7.67,7.75,7.83,7.67,7.92,82.5,81.9045864285406,0.595413571459377
0,7.67,7.75,7.58,7.83,7.92,82.5,81.4795899626601,1.02041003733993
0,7.67,7.83,7.83,7.83,7.75,82.42,82.3794961904706,0.0405038095293696
0,7.58,7.92,7.75,7.83,7.67,81.75,82.2811899597138,-0.531189959713816
0,7.67,7.83,7.75,7.5,7.75,81.58,81.6587495226109,-0.0787495226109374
0,7.58,7.58,7.67,7.58,7.5,81.58,80.7078908830619,0.872109116938082
0,8,7.75,7.75,7.58,7.58,81.5,82.0723939821608,-0.572393982160812
0,8,7.67,7.75,7.5,7.58,81.5,81.7202014917477,-0.22020149174768
0,7.75,7.75,7.67,7.67,7.58,81.42,81.6016687420911,-0.181668742091042
0,7.5,7.5,7.25,7.83,7.83,81.25,79.6094248834243,1.64057511657571
0,7.33,7.58,7.5,7.75,7.75,80.92,80.1185277512999,0.801472248700127
0,7.83,7.58,7.33,7.67,7.75,80.58,80.3284058890686,0.251594110931375
0,7.75,7.42,7.33,7.58,7.67,80.5,79.6052403615641,0.894759638435949
0,7.67,7.67,7.5,7.33,7.42,80.17,80.2685938739308,-0.0985938739307548
0,7.58,7.42,7.42,7.83,7.42,80.17,79.9620009098453,0.20799909015466
0,7.92,7.5,7.42,7.42,7.58,79.33,80.0987222890538,-0.768722289053803
0,7.75,7.58,7.33,7.58,7.75,78.75,80.0641907993566,-1.31419079935656
0,7.5,7.67,7.75,7.75,8.42,78.08,81.3152044698906,-3.23520446989057
0,7.33,7.33,7.17,7.42,7.42,77.17,78.0102400154751,-0.840240015475075
0,7.42,6.83,6.75,7.17,7.08,75.08,75.2081322580697,-0.128132258069736
0,6.75,6.67,6.5,6.83,6.67,73.75,72.5006278236507,1.24937217634926
